1,https://live.staticflickr.com/7875/46106952034_b697aa8561_o.jpg,https://flic.kr/p/2dfjbuS
2,https://live.staticflickr.com/3767/33415747642_fea32c6475_o.jpg,https://flic.kr/p/SUQrA3
3,https://live.staticflickr.com/1850/29484396147_366c5c5227_o.jpg,https://flic.kr/p/LVreKH
4,https://live.staticflickr.com/4536/38465451442_fc53a0632d_o.jpg,https://flic.kr/p/21B4uAE
5,https://live.staticflickr.com/4905/45622884292_8159c77669_o.jpg,https://flic.kr/p/2cvxd2j
6,https://live.staticflickr.com/7919/33677485358_4bcd21eb75_o.jpg,https://flic.kr/p/TiXV6h
7,https://live.staticflickr.com/7841/46120583435_0ba60eea7b_o.jpg,https://flic.kr/p/2dgw3D2
8,https://live.staticflickr.com/813/40932800971_900aca6927_o.jpg,https://flic.kr/p/25n6iDM
9,https://live.staticflickr.com/4706/39019528304_f4648f6166_o.jpg,https://flic.kr/p/22s2hm1
10,https://live.staticflickr.com/4628/39236567765_cbdbc14135_o.jpg,https://flic.kr/p/22McEBF
11,https://live.staticflickr.com/828/41113889465_d3f42694fd_o.jpg,https://flic.kr/p/25D6qXc
12,https://live.staticflickr.com/59/214879279_dff407c32f_o.jpg,https://flic.kr/p/jZj8a
13,https://live.staticflickr.com/4532/37762554355_a0c225a74f_o.jpg,https://flic.kr/p/ZwWXMn
14,https://live.staticflickr.com/4219/34934154200_9272d2bc83_o.jpg,https://flic.kr/p/Ve1EXs
15,https://live.staticflickr.com/65535/46700177345_245b652b3a_o.jpg,https://flic.kr/p/2e9JBHt
16,https://live.staticflickr.com/2841/33352503861_393581122b_o.jpg,https://flic.kr/p/SPfiq2
17,https://live.staticflickr.com/4455/36983428763_fb7d5a7a3b_o.jpg,https://flic.kr/p/Ym6JTv
18,https://live.staticflickr.com/917/43314957442_89d5140651_o.jpg,https://flic.kr/p/28ZAtM5
19,https://live.staticflickr.com/2363/32107924043_7e197b40d2_o.jpg,https://flic.kr/p/QVgvci
20,https://live.staticflickr.com/7898/46372195345_18974bc88c_o.jpg,https://flic.kr/p/2dDKC6p
21,https://live.staticflickr.com/1788/29371962938_870ffa6980_o.jpg,https://flic.kr/p/LKuZh7
22,https://live.staticflickr.com/7841/47348417002_701a195610_o.jpg,https://flic.kr/p/2f921Mh
23,https://live.staticflickr.com/4509/37501207840_0438603ae5_o.jpg,https://flic.kr/p/Z8RuyY
24,https://live.staticflickr.com/7822/47157361012_a098415a6f_o.jpg,https://flic.kr/p/2eR8Nuu
25,https://live.staticflickr.com/4450/37457759606_49cb807da2_o.png,https://flic.kr/p/Z51NVu
26,https://live.staticflickr.com/4161/34301879176_875c3fd424_o.jpg,https://flic.kr/p/Ug96BW
27,https://live.staticflickr.com/790/40579898995_d439e6c655_o.jpg,https://flic.kr/p/24PUAbX
28,https://live.staticflickr.com/802/41581453192_9d91a29d60_o.jpg,https://flic.kr/p/26mpPmL
29,https://live.staticflickr.com/7827/47230143641_11b30f0dde_o.jpg,https://flic.kr/p/2eXyQep
30,https://live.staticflickr.com/3935/15546051185_21aab40fd0_o.jpg,https://flic.kr/p/pFKzpg
31,https://live.staticflickr.com/1949/44263587125_2e6dd70709_o.jpg,https://flic.kr/p/2arqskg
32,https://live.staticflickr.com/727/32708232492_97edfc6c07_o.jpg,https://flic.kr/p/RQjeYY
33,https://live.staticflickr.com/2868/33763405951_94f49c2b49_o.jpg,https://flic.kr/p/TryhhP
34,https://live.staticflickr.com/8872/28343235371_943c081e36_o.jpg,https://flic.kr/p/KbAupV
35,https://live.staticflickr.com/1947/44654817994_db5fa536be_o.jpg,https://flic.kr/p/2b2ZBD5
36,https://live.staticflickr.com/4366/37426533425_261cb2137e_o.jpg,https://flic.kr/p/Z2fLt4
37,https://live.staticflickr.com/811/40276876484_821085c3b0_o.jpg,https://flic.kr/p/24n8w9U
38,https://live.staticflickr.com/4611/38776645245_6ecc5a6e5a_o.jpg,https://flic.kr/p/225yrF4
39,https://live.staticflickr.com/843/43211573142_9c2e0cca55_o.jpg,https://flic.kr/p/28QsBe9
40,https://live.staticflickr.com/1737/41971720655_153410849b_o.jpg,https://flic.kr/p/26WU3h8
41,https://live.staticflickr.com/4494/38159537091_2ff1ee58ab_o.jpg,https://flic.kr/p/2192AVi
42,https://live.staticflickr.com/7824/33230621838_21af5e6115_o.jpg,https://flic.kr/p/SCtC8Q
43,https://live.staticflickr.com/4627/39076778344_b21fa522b7_o.jpg,https://flic.kr/p/22x5GME
44,https://live.staticflickr.com/1739/42747926991_747724ab14_o.jpg,https://flic.kr/p/288uinZ
45,https://live.staticflickr.com/4862/46825265801_9db036723e_o.jpg,https://flic.kr/p/2ekMJ9Z
46,https://live.staticflickr.com/4428/37014366282_361de576cf_o.jpg,https://flic.kr/p/YoQix1
47,https://live.staticflickr.com/4485/36680352924_75b7ec410b_o.jpg,https://flic.kr/p/XTjp11
48,https://live.staticflickr.com/7119/27744699602_8ebdd18c6b_o.jpg,https://flic.kr/p/JgGQzG
49,https://live.staticflickr.com/4628/24889896077_f92144aff3_o.jpg,https://flic.kr/p/DVrdXg
50,https://live.staticflickr.com/4708/39605077704_a2cbca873e_o.jpg,https://flic.kr/p/23kLnMj
51,https://live.staticflickr.com/65535/47786719882_b34483e1d0_o.jpg,https://flic.kr/p/2fNKqXu
52,https://live.staticflickr.com/383/18470022558_a8d5909e19_o.jpg,https://flic.kr/p/u98GdN
53,https://live.staticflickr.com/4500/23640939168_f75826b0f5_o.jpg,https://flic.kr/p/C24Zzs
54,https://live.staticflickr.com/4703/38627337930_6be777f0b3_o.jpg,https://flic.kr/p/21RncP1
55,https://live.staticflickr.com/4743/38567013940_928150b91d_o.jpg,https://flic.kr/p/21L32Ad
56,https://live.staticflickr.com/4224/34228247173_74ea4f55c7_o.jpg,https://flic.kr/p/U9CHoD
57,https://live.staticflickr.com/4388/36919229886_0c0ff51535_o.jpg,https://flic.kr/p/YfqGNj
58,https://live.staticflickr.com/2814/33636242680_f5d4b28c60_o.jpg,https://flic.kr/p/Tfjx5C
59,https://live.staticflickr.com/1907/30994225658_73b7ee00ab_o.jpg,https://flic.kr/p/PdRvt1
60,https://live.staticflickr.com/4680/24647881707_f03b3c3732_o.jpg,https://flic.kr/p/Dy3QvH
61,https://live.staticflickr.com/4710/25112293657_6e4ce8065e_o.jpg,https://flic.kr/p/Eg651i
62,https://live.staticflickr.com/1871/43486180144_8f4f7096ac_o.jpg,https://flic.kr/p/29fJ3jC
63,https://live.staticflickr.com/565/31490374023_e92f8ef681_o.jpg,https://flic.kr/p/PYGp6a
64,https://live.staticflickr.com/4665/25293193147_16fc49ba29_o.jpg,https://flic.kr/p/Ex5e82
65,https://live.staticflickr.com/4822/46698810362_bbfcc5e3dd_o.jpg,https://flic.kr/p/2e9BBmN
66,https://live.staticflickr.com/4487/37493381681_9ab9138704_o.jpg,https://flic.kr/p/Z8ao8c
67,https://live.staticflickr.com/4268/34937185030_6b60a42d8f_o.jpg,https://flic.kr/p/VehcV9
68,https://live.staticflickr.com/4507/37808094242_442566432d_o.jpg,https://flic.kr/p/ZAYncQ
69,https://live.staticflickr.com/4625/39066718225_b68f61221d_o.jpg,https://flic.kr/p/22wc9gk
70,https://live.staticflickr.com/4476/37493363821_697987daf3_o.jpg,https://flic.kr/p/Z8ahPg
71,https://live.staticflickr.com/7877/33092370338_aecc955d42_o.jpg,https://flic.kr/p/Sqg3Mh
72,https://live.staticflickr.com/4200/34055408873_bbdd5ca84b_o.jpg,https://flic.kr/p/TTmSzX
73,https://live.staticflickr.com/4451/36795629284_a38ac373ea_o.png,https://flic.kr/p/Y4vdDs
74,https://live.staticflickr.com/4696/26726672268_484d2f8d09_o.jpg,https://flic.kr/p/GHKbwh
75,https://live.staticflickr.com/4170/33641238104_165ee6fdb5_o.jpg,https://flic.kr/p/TfL93C
76,https://live.staticflickr.com/4624/39323199635_77e232c61a_o.jpg,https://flic.kr/p/22URFfB
77,https://live.staticflickr.com/4626/25187367657_8fa3e05010_o.jpg,https://flic.kr/p/EnHQTB
78,https://live.staticflickr.com/4174/34481807665_ef945ac6c8_o.jpg,https://flic.kr/p/Ux3h6g
79,https://live.staticflickr.com/1810/29391025158_800cdf995e_o.jpg,https://flic.kr/p/LMbFP5
80,https://live.staticflickr.com/848/28865888097_c4957b06e5_o.jpg,https://flic.kr/p/KYMdRP
81,https://live.staticflickr.com/4814/45506386725_356c5c2b13_o.jpg,https://flic.kr/p/2ckf8mz
82,https://live.staticflickr.com/907/28011294688_235ef973e0_o.jpg,https://flic.kr/p/JFgd1G
83,https://live.staticflickr.com/7402/27131803876_17c051ff54_o.jpg,https://flic.kr/p/HkxA31
84,https://live.staticflickr.com/7873/46315872375_f5b48fa841_o.jpg,https://flic.kr/p/2dyLXeH
85,https://live.staticflickr.com/4611/40404297941_404e1d0ac2_o.jpg,https://flic.kr/p/24yoA7z
86,https://live.staticflickr.com/8561/29708790954_5f7147b472_o.jpg,https://flic.kr/p/MggjvG
87,https://live.staticflickr.com/4686/38551517144_be496a7c72_o.jpg,https://flic.kr/p/21JEAW5
88,https://live.staticflickr.com/4776/26970835308_0bf30e561d_o.jpg,https://flic.kr/p/H6jzFS
89,https://live.staticflickr.com/2918/33889737865_5084cf76d6_o.jpg,https://flic.kr/p/TCHLng
90,https://live.staticflickr.com/4447/37462148362_204856db36_o.jpg,https://flic.kr/p/Z5pixG
91,https://live.staticflickr.com/4644/38917181411_305ca805dc_o.jpg,https://flic.kr/p/22hYJbp
92,https://live.staticflickr.com/7560/15867520885_ae5da447c5_o.jpg,https://flic.kr/p/qbac9i
93,https://live.staticflickr.com/4291/35594870900_ac6deacd15_o.jpg,https://flic.kr/p/Wep21G
94,https://live.staticflickr.com/4537/38826530071_403d340b46_o.jpg,https://flic.kr/p/229Y7Gg
95,https://live.staticflickr.com/1852/30453127588_a5f3923fca_o.jpg,https://flic.kr/p/Np3eRW
96,https://live.staticflickr.com/1959/44902998001_4ca36a7fac_o.jpg,https://flic.kr/p/2bpVAUH
97,https://live.staticflickr.com/1916/45010048992_a5beb17d57_o.jpg,https://flic.kr/p/2bzogrs
98,https://live.staticflickr.com/4344/36563960702_3b7b7659c5_o.jpg,https://flic.kr/p/XH2RDy
99,https://live.staticflickr.com/4478/23653414588_39e759d9ba_o.png,https://flic.kr/p/C3aW5U
100,https://live.staticflickr.com/725/32669609332_b085943cae_o.jpg,https://flic.kr/p/RLUhEq
101,https://live.staticflickr.com/4466/37102788274_8a4f51f540_o.jpg,https://flic.kr/p/YwDuj7
102,https://live.staticflickr.com/4339/36427123203_d22f324f02_o.jpg,https://flic.kr/p/XuWwCk
103,https://live.staticflickr.com/7811/31670078227_0dbfde53e3_o.png,https://flic.kr/p/QfzqTv
104,https://live.staticflickr.com/4400/36407342044_f06be963e9_o.jpg,https://flic.kr/p/Xtc9nS
105,https://live.staticflickr.com/1821/42193559254_2dd6e7a378_o.jpg,https://flic.kr/p/27hv2ay
106,https://live.staticflickr.com/4510/37644036750_636cab5a1d_o.jpg,https://flic.kr/p/ZmtwCo
107,https://live.staticflickr.com/1894/42498764350_7dbeac0545_o.jpg,https://flic.kr/p/27Kth1o
108,https://live.staticflickr.com/7504/15771534761_f5ce7bcf25_o.jpg,https://flic.kr/p/q2FeP8
109,https://live.staticflickr.com/1910/43732590740_2b2b020f85_o.jpg,https://flic.kr/p/29CuXBb
110,https://live.staticflickr.com/7858/47475489702_94a10650ab_o.jpg,https://flic.kr/p/2fkfi4U
111,https://live.staticflickr.com/1858/29553808107_0cd976f585_o.jpg,https://flic.kr/p/M2yZvD
112,https://live.staticflickr.com/7856/47541384211_f4f398b4fa_o.jpg,https://flic.kr/p/2fr52d8
113,https://live.staticflickr.com/1855/44040796474_5826dfae9e_o.jpg,https://flic.kr/p/2a6JAr9
114,https://live.staticflickr.com/1744/42541711812_17cd9363b6_o.jpg,https://flic.kr/p/27PgoMS
115,https://live.staticflickr.com/7902/47083258171_7674303977_o.jpg,https://flic.kr/p/2eJA1ii
116,https://live.staticflickr.com/8575/30372634581_487d6632f3_o.jpg,https://flic.kr/p/NgVG6t
117,https://live.staticflickr.com/4300/35590865020_9004498ca6_o.jpg,https://flic.kr/p/We3ucN
118,https://live.staticflickr.com/4197/34226121493_c9714ab807_o.jpg,https://flic.kr/p/U9rPuZ
119,https://live.staticflickr.com/4167/34285703412_cacc36b3a8_o.jpg,https://flic.kr/p/UeHc8s
120,https://live.staticflickr.com/1881/44704801801_486f82ece5_o.jpg,https://flic.kr/p/2b7pN5R
121,https://live.staticflickr.com/4572/38446350016_07a266a66f_o.jpg,https://flic.kr/p/21znApJ
122,https://live.staticflickr.com/4514/23681641998_aabf6411f9_o.jpg,https://flic.kr/p/C5EB7o
123,https://live.staticflickr.com/4773/26924195618_1d953b0758_o.jpg,https://flic.kr/p/H2cxkh
124,https://live.staticflickr.com/4460/37827065732_6592a9954a_o.jpg,https://flic.kr/p/ZCDALu
125,https://live.staticflickr.com/4584/38994069211_f9b0db96da_o.jpg,https://flic.kr/p/22pLNf8
126,https://live.staticflickr.com/4389/37094809762_e0b34677b4_o.jpg,https://flic.kr/p/YvWAzy
127,https://live.staticflickr.com/4682/38679744435_d4b75610f8_o.jpg,https://flic.kr/p/21VZNrr
128,https://live.staticflickr.com/4465/37493376721_59f6631d1c_o.jpg,https://flic.kr/p/Z8amDF
129,https://live.staticflickr.com/1496/23575058393_20b3fab2f7_o.jpg,https://flic.kr/p/BVfkw2
130,https://live.staticflickr.com/981/40113942410_2831a23306_o.jpg,https://flic.kr/p/247JrwJ
131,https://live.staticflickr.com/1759/41480285725_f120d731f0_o.jpg,https://flic.kr/p/26ctiN6
132,https://live.staticflickr.com/7848/46292526595_837f79fa7b_o.jpg,https://flic.kr/p/2dwHimg
133,https://live.staticflickr.com/1971/31684218028_b4c8bd3d10_o.jpg,https://flic.kr/p/QgPUab
134,https://live.staticflickr.com/5646/30585325096_afda2da496_o.jpg,https://flic.kr/p/NAHMzj
135,https://live.staticflickr.com/799/40453684345_afe5f1c3b9_o.jpg,https://flic.kr/p/24CKGYi
136,https://live.staticflickr.com/4456/37587056866_9631d067d5_o.jpg,https://flic.kr/p/ZgruuA
137,https://live.staticflickr.com/1458/24261352440_3ff19cdd5b_o.jpg,https://flic.kr/p/CXTLQ1
138,https://live.staticflickr.com/2895/34123135856_22165d10d3_o.jpg,https://flic.kr/p/TZkZsy
139,https://live.staticflickr.com/1770/41435030320_ea9e70626b_o.jpg,https://flic.kr/p/268tmWu
140,https://live.staticflickr.com/4611/28259836639_67024f58c4_o.jpg,https://flic.kr/p/K4e3SK
141,https://live.staticflickr.com/4465/36823972463_39093683fe_o.jpg,https://flic.kr/p/Y71u5X
142,https://live.staticflickr.com/65535/47726149042_86d192f644_o.jpg,https://flic.kr/p/2fHoZmE
143,https://live.staticflickr.com/4676/25690386427_2002fb09a7_o.jpg,https://flic.kr/p/F9aWR2
144,https://live.staticflickr.com/4499/26403675119_a7988cf0a5_o.jpg,https://flic.kr/p/GecJHV
145,https://live.staticflickr.com/4460/38047115786_6c6db528ae_o.jpg,https://flic.kr/p/ZY6pYW
146,https://live.staticflickr.com/4359/35575707383_8131cbb0a0_o.jpg,https://flic.kr/p/WcGNne
147,https://live.staticflickr.com/1956/43813205030_64b4550c90_o.jpg,https://flic.kr/p/29KC8qJ
148,https://live.staticflickr.com/8168/28470482381_16056c0bbc_o.jpg,https://flic.kr/p/KnQEvT
149,https://live.staticflickr.com/1801/41637824630_49b502403f_o.jpg,https://flic.kr/p/26roJC7
150,https://live.staticflickr.com/7816/40538675613_ea00f2ef7e_o.jpg,https://flic.kr/p/24LgiUZ
151,https://live.staticflickr.com/7414/27410106696_1ed0a651bd_o.jpg,https://flic.kr/p/HL8XLu
152,https://live.staticflickr.com/4815/45828266871_0170e123d0_o.jpg,https://flic.kr/p/2cPFR7g
153,https://live.staticflickr.com/4752/28329006279_21776bc1eb_o.jpg,https://flic.kr/p/KakyAK
154,https://live.staticflickr.com/7923/46208427355_3be79d4052_o.jpg,https://flic.kr/p/2dphgzn
155,https://live.staticflickr.com/1774/29111171597_4b9b7547e2_o.jpg,https://flic.kr/p/Lmsn6F
156,https://live.staticflickr.com/2813/33360885635_2a5e319d2d_o.jpg,https://flic.kr/p/SPZg2n
157,https://live.staticflickr.com/4884/46944404182_f3cf31697f_o.jpg,https://flic.kr/p/2ewjkR1
158,https://live.staticflickr.com/4595/39245503561_86f986816e_o.jpg,https://flic.kr/p/22MZsV8
159,https://live.staticflickr.com/945/41085481474_b05e94ae1b_o.jpg,https://flic.kr/p/25AzQff
160,https://live.staticflickr.com/7830/46550224945_0933c0422d_o.jpg,https://flic.kr/p/2dVu56g
161,https://live.staticflickr.com/4543/26736445389_033a37ea63_o.jpg,https://flic.kr/p/GJBgJn
162,https://live.staticflickr.com/1829/41637814190_83da15896e_o.jpg,https://flic.kr/p/26roFw7
163,https://live.staticflickr.com/4402/36664947211_9af2be1212_o.jpg,https://flic.kr/p/XRXrqg
164,https://live.staticflickr.com/4434/36899182975_353c5cdc48_o.jpg,https://flic.kr/p/YdDXxV
165,https://live.staticflickr.com/1663/26733462335_80cbae8bea_o.jpg,https://flic.kr/p/GJkYYp
166,https://live.staticflickr.com/2809/33216176011_a31312cdea_o.jpg,https://flic.kr/p/SBczTR
167,https://live.staticflickr.com/4334/36873522896_3408956f68_o.jpg,https://flic.kr/p/YborGL
168,https://live.staticflickr.com/4186/33852172213_33c0dece7a_o.jpg,https://flic.kr/p/TzpepB
169,https://live.staticflickr.com/4719/40206165092_d064ca3dce_o.jpg,https://flic.kr/p/24fT77Y
170,https://live.staticflickr.com/1856/29909551447_85258ec4ab_o.jpg,https://flic.kr/p/Mz1gBv
171,https://live.staticflickr.com/964/40118487380_60762f26c7_o.jpg,https://flic.kr/p/2488JAh
172,https://live.staticflickr.com/796/40860240051_ec625de217_o.jpg,https://flic.kr/p/25fFpPr
173,https://live.staticflickr.com/4763/25799697538_7e4424b9e6_o.jpg,https://flic.kr/p/FiQcem
174,https://live.staticflickr.com/4864/44895232085_6ff385e790_o.jpg,https://flic.kr/p/2bpeNnB
175,https://live.staticflickr.com/4370/36504428672_bd19934d69_o.jpg,https://flic.kr/p/XBLJRf
176,https://live.staticflickr.com/1884/44727695592_053c5a1970_o.jpg,https://flic.kr/p/2b9r8Bo
177,https://live.staticflickr.com/4582/37912880264_711556b725_o.jpg,https://flic.kr/p/ZLeqro
178,https://live.staticflickr.com/4606/26006881648_d2abf526bd_o.jpg,https://flic.kr/p/FC94Rb
179,https://live.staticflickr.com/4432/36795563272_c058716f83_o.jpg,https://flic.kr/p/Y4uT2j
180,https://live.staticflickr.com/1904/43388184420_4653946bf3_o.jpg,https://flic.kr/p/2974MBb
181,https://live.staticflickr.com/7680/17117041679_b1dde080e2_o.jpg,https://flic.kr/p/s5zj9g
182,https://live.staticflickr.com/4574/37456467794_038d5980de_o.jpg,https://flic.kr/p/Z4UbUS
183,https://live.staticflickr.com/4340/36255851492_32983db3f2_o.jpg,https://flic.kr/p/XeNHvN
184,https://live.staticflickr.com/1954/44791079184_54dc6db55d_o.jpg,https://flic.kr/p/2bf2ZkW
185,https://live.staticflickr.com/4918/45670055515_9c0fc57617_o.jpg,https://flic.kr/p/2czGYog
186,https://live.staticflickr.com/4219/34903676815_176a492879_o.jpg,https://flic.kr/p/Vbjt6i
187,https://live.staticflickr.com/8482/8243537591_44c4a45644_o.jpg,https://flic.kr/p/dyshwt
188,https://live.staticflickr.com/4620/39673511052_0af72162b7_o.jpg,https://flic.kr/p/23rP7CC
189,https://live.staticflickr.com/4178/34505956805_9f24ed059f_o.jpg,https://flic.kr/p/Uzb3MK
190,https://live.staticflickr.com/8749/28228726512_2de017eae1_o.jpg,https://flic.kr/p/K1tAVf
191,https://live.staticflickr.com/4425/36457992823_611cd96fbe_o.jpg,https://flic.kr/p/XxEK6a
192,https://live.staticflickr.com/1866/42424443240_1b41e0ff61_o.jpg,https://flic.kr/p/27CUmVW
193,https://live.staticflickr.com/4530/39028109811_ea03d0590d_o.jpg,https://flic.kr/p/22sMgk2
194,https://live.staticflickr.com/4916/46266840594_d06c1b851d_o.jpg,https://flic.kr/p/2durDNb
195,https://live.staticflickr.com/4766/39319166485_6044b7e4bb_o.jpg,https://flic.kr/p/22Uv1kx
196,https://live.staticflickr.com/1732/27852577727_5145d8df13_o.jpg,https://flic.kr/p/JreJZn
197,https://live.staticflickr.com/793/27753085868_22cca9cefe_o.jpg,https://flic.kr/p/JhrPwu
198,https://live.staticflickr.com/4316/35146757333_33b1b9a02c_o.jpg,https://flic.kr/p/VxNjsH
199,https://live.staticflickr.com/1549/23678532370_97c459c607_o.jpg,https://flic.kr/p/C5oEJ7
200,https://live.staticflickr.com/4225/35127972471_d60a7a2fe5_o.jpg,https://flic.kr/p/Vw93nM
201,https://live.staticflickr.com/4510/36824036383_210973ea5a_o.jpg,https://flic.kr/p/Y71P62
202,https://live.staticflickr.com/2875/33799804162_74aefaa395_o.jpg,https://flic.kr/p/TuLQdb
203,https://live.staticflickr.com/4425/36311268716_90ce93a5a3_o.jpg,https://flic.kr/p/XjGK8b
204,https://live.staticflickr.com/7570/27710058076_8a2edf162b_o.jpg,https://flic.kr/p/JdDhS1
205,https://live.staticflickr.com/7692/17244833938_6ff6a5a7b3_o.jpg,https://flic.kr/p/sgShk5
206,https://live.staticflickr.com/1729/41676479745_7f27fda0c0_o.jpg,https://flic.kr/p/26uNRrB
207,https://live.staticflickr.com/4389/36865185735_a46b5b61db_o.jpg,https://flic.kr/p/YaDHmB
208,https://live.staticflickr.com/2386/32867203241_87091d8652_o.jpg,https://flic.kr/p/S5n1rX
209,https://live.staticflickr.com/8566/28240552584_93a21e0095_o.jpg,https://flic.kr/p/K2wdp3
210,https://live.staticflickr.com/1947/31619156258_b92f923487_o.jpg,https://flic.kr/p/Qb5ryw
211,https://live.staticflickr.com/5833/22441884840_be7265e932_o.jpg,https://flic.kr/p/Ac7wuY
212,https://live.staticflickr.com/7846/31641977577_7a7fbccf1f_o.jpg,https://flic.kr/p/Qd6pxx
213,https://live.staticflickr.com/4175/33561711844_538533fb63_o.jpg,https://flic.kr/p/T8JxEd
214,https://live.staticflickr.com/4539/26878412479_9cfbb21463_o.jpg,https://flic.kr/p/GX9TAP
215,https://live.staticflickr.com/4619/28004462819_941158efe4_o.jpg,https://flic.kr/p/JEEc8R
216,https://live.staticflickr.com/4452/26468946929_6779180051_o.jpg,https://flic.kr/p/GjYgKX
217,https://live.staticflickr.com/4477/37753184791_b65179851b_o.jpg,https://flic.kr/p/Zw7Wxa
218,https://live.staticflickr.com/4734/38454000355_a2fff05406_o.jpg,https://flic.kr/p/21A3NA8
219,https://live.staticflickr.com/700/32948161733_f25186f407_o.jpg,https://flic.kr/p/ScvWA2
220,https://live.staticflickr.com/7861/33490963978_15421e25c5_o.jpg,https://flic.kr/p/T2tWMq
221,https://live.staticflickr.com/891/28959759338_44624e1c14_o.jpg,https://flic.kr/p/L85kvu
222,https://live.staticflickr.com/1914/43363941310_ba0bffbca9_o.jpg,https://flic.kr/p/294VwYw
223,https://live.staticflickr.com/7919/33393913108_b39882ebce_o.jpg,https://flic.kr/p/SSUwWy
224,https://live.staticflickr.com/578/33256717391_41a0bce42e_o.jpg,https://flic.kr/p/SEMnra
225,https://live.staticflickr.com/7855/32285951737_2ae063d727_o.jpg,https://flic.kr/p/RbZWCi
226,https://live.staticflickr.com/654/22559284562_354583c0af_o.jpg,https://flic.kr/p/Anuem7
227,https://live.staticflickr.com/4624/40575847521_c1633c81a3_o.jpg,https://flic.kr/p/24PxPPX
228,https://live.staticflickr.com/980/41192225945_8efcc38d6a_o.jpg,https://flic.kr/p/25L1VEa
229,https://live.staticflickr.com/1803/42155073225_33a054e82d_o.jpg,https://flic.kr/p/27e6LBk
230,https://live.staticflickr.com/4622/40501262372_5ab37c2a78_o.jpg,https://flic.kr/p/24GXyg7
231,https://live.staticflickr.com/7859/47491963551_e44a482a49_o.jpg,https://flic.kr/p/2fmGJaM
232,https://live.staticflickr.com/5626/22014094412_953e1b11ed_o.jpg,https://flic.kr/p/zxiZiW
233,https://live.staticflickr.com/1674/26247377895_ceb705b507_o.jpg,https://flic.kr/p/FZoF1c
234,https://live.staticflickr.com/4404/36816661755_eb479e8dc3_o.jpg,https://flic.kr/p/Y6n1Sg
235,https://live.staticflickr.com/1973/31007208618_28958afb56_o.jpg,https://flic.kr/p/Pf13R9
236,https://live.staticflickr.com/4728/39256672581_31c0ab53f0_o.jpg,https://flic.kr/p/22NYH5r
237,https://live.staticflickr.com/4566/38268493191_82ff055314_o.jpg,https://flic.kr/p/21iE2LK
238,https://live.staticflickr.com/65535/33779316198_ca24f3a40c_o.jpg,https://flic.kr/p/TsXPRq
239,https://live.staticflickr.com/1912/30194881907_7a71eeaccf_o.jpg,https://flic.kr/p/N1dEqc
240,https://live.staticflickr.com/3953/33109072942_bbc509b214_o.jpg,https://flic.kr/p/SrJDTd
241,https://live.staticflickr.com/7922/45830470414_aa1ac86632_o.jpg,https://flic.kr/p/2cPT99o
242,https://live.staticflickr.com/4218/35077923824_0867d4ba28_o.jpg,https://flic.kr/p/VrHwE5
243,https://live.staticflickr.com/7831/33490964028_7d5caf1873_o.jpg,https://flic.kr/p/T2tWNh
244,https://live.staticflickr.com/940/42687311015_9b9609c9a9_o.jpg,https://flic.kr/p/2838CmX
245,https://live.staticflickr.com/4299/35942585616_0df25e9c33_o.jpg,https://flic.kr/p/WL89u1
246,https://live.staticflickr.com/4222/34910520522_ba3e713f5d_o.jpg,https://flic.kr/p/VbVxuf
247,https://live.staticflickr.com/4239/34917285781_7304efd65c_o.jpg,https://flic.kr/p/VcwdyD
248,https://live.staticflickr.com/7324/26284722193_36b690f912_o.jpg,https://flic.kr/p/G3G5ap
249,https://live.staticflickr.com/885/42433970421_df48cef552_o.jpg,https://flic.kr/p/27DKc2F
250,https://live.staticflickr.com/7841/46377995992_6e8a7cfc14_o.jpg,https://flic.kr/p/2dEgmqy
251,https://live.staticflickr.com/817/40222398544_b7dd1eb24d_o.jpg,https://flic.kr/p/24hjiL5
252,https://live.staticflickr.com/65535/40769179303_fa13a3650a_o.jpg,https://flic.kr/p/257CGCx
253,https://live.staticflickr.com/8312/28744661014_1030e881ff_o.jpg,https://flic.kr/p/KN4UgG
254,https://live.staticflickr.com/830/27934556378_0dbca75de9_o.jpg,https://flic.kr/p/JytUoo
255,https://live.staticflickr.com/4259/34622797414_000178a69a_o.jpg,https://flic.kr/p/UKuTr1
256,https://live.staticflickr.com/4200/34040678273_35690b1541_o.jpg,https://flic.kr/p/TS4nG6
257,https://live.staticflickr.com/4840/33139941928_aa2c645fb6_o.jpg,https://flic.kr/p/SusSa7
258,https://live.staticflickr.com/8743/28319688313_8b33320e21_o.jpg,https://flic.kr/p/K9vNGa
259,https://live.staticflickr.com/2893/34197813315_9a698cdf9b_o.jpg,https://flic.kr/p/U6WJsX
260,https://live.staticflickr.com/4185/34205171680_2702daae00_o.jpg,https://flic.kr/p/U7ArRj
261,https://live.staticflickr.com/4237/35075119135_abdb429bd5_o.jpg,https://flic.kr/p/Vrt9Vn
262,https://live.staticflickr.com/3864/14444268755_8b723f04ea_o.jpg,https://flic.kr/p/o1oDSt
263,https://live.staticflickr.com/8039/29706182056_391fe2b510_o.jpg,https://flic.kr/p/Mg2WYG
264,https://live.staticflickr.com/3835/33494431911_3ff1408b66_o.jpg,https://flic.kr/p/T2MHFn
265,https://live.staticflickr.com/1720/23702394934_88f94b91be_o.jpg,https://flic.kr/p/C7uYeC
266,https://live.staticflickr.com/1763/28188583477_a670d076b2_o.jpg,https://flic.kr/p/JWVRMX
267,https://live.staticflickr.com/4507/37070067953_5caff23c1a_o.jpg,https://flic.kr/p/YtKMGD
268,https://live.staticflickr.com/4662/38949410604_fedd810418_o.jpg,https://flic.kr/p/22kPUN9
269,https://live.staticflickr.com/3719/33239599912_bca40ef263_o.jpg,https://flic.kr/p/SDgD1d
270,https://live.staticflickr.com/4621/38962575964_334fd3835b_o.jpg,https://flic.kr/p/22mZop7
271,https://live.staticflickr.com/4304/36012854075_a1060d2da8_o.jpg,https://flic.kr/p/WSkhRa
272,https://live.staticflickr.com/903/27391892187_6c7faf8571_o.jpg,https://flic.kr/p/HJwBee
273,https://live.staticflickr.com/4630/25434222987_ddda5d10b5_o.jpg,https://flic.kr/p/EKx3nZ
274,https://live.staticflickr.com/4356/37205226935_4fe9f2440a_o.jpg,https://flic.kr/p/YFGvKV
275,https://live.staticflickr.com/835/42155073665_db9ff9db15_o.jpg,https://flic.kr/p/27e6LJV
276,https://live.staticflickr.com/4807/45790056364_7a94a77df3_o.jpg,https://flic.kr/p/2cLj1sq
277,https://live.staticflickr.com/1901/44194023635_fffabdff37_o.jpg,https://flic.kr/p/2akgVwK
278,https://live.staticflickr.com/1945/44945623142_b6a7917d73_o.jpg,https://flic.kr/p/2btG4SW
279,https://live.staticflickr.com/7552/27606093813_ed1133bf62_o.jpg,https://flic.kr/p/J4srUH
280,https://live.staticflickr.com/646/22560382150_78461ca466_o.jpg,https://flic.kr/p/AnzRC3
281,https://live.staticflickr.com/4664/39760566054_d21cca7bd9_o.jpg,https://flic.kr/p/23zvi3W
282,https://live.staticflickr.com/957/41944814551_2cde670029_o.jpg,https://flic.kr/p/26Uw92M
283,https://live.staticflickr.com/7896/46745617512_15a576a9fe_o.jpg,https://flic.kr/p/2edKvuC
284,https://live.staticflickr.com/924/42155075735_511308f334_o.jpg,https://flic.kr/p/27e6MmB
285,https://live.staticflickr.com/7648/16866084677_25c16b7e01_o.jpg,https://flic.kr/p/rGp6np
286,https://live.staticflickr.com/7707/27368817941_2bf6c2a02f_o.jpg,https://flic.kr/p/HGum4p
287,https://live.staticflickr.com/832/40919832755_11f63080c1_o.jpg,https://flic.kr/p/25kWQDR
288,https://live.staticflickr.com/1568/25459880483_163c778c55_o.jpg,https://flic.kr/p/EMNxsB
289,https://live.staticflickr.com/8314/29905598206_554cc117d0_o.jpg,https://flic.kr/p/MyE1sb
290,https://live.staticflickr.com/316/19928657302_83c855474d_o.jpg,https://flic.kr/p/wn2zvG
291,https://live.staticflickr.com/8814/17173688201_0d15667244_o.jpg,https://flic.kr/p/sazDbr
292,https://live.staticflickr.com/7822/32613977198_0e1ab354ae_o.jpg,https://flic.kr/p/RFZaaG
293,https://live.staticflickr.com/1648/24335730023_49bbbf636c_o.jpg,https://flic.kr/p/D5sYG8
294,https://live.staticflickr.com/652/21489961433_bf2641bed7_o.jpg,https://flic.kr/p/yJZEQr
295,https://live.staticflickr.com/1495/26117838475_e8b6027b2d_o.jpg,https://flic.kr/p/FMWKrV
296,https://live.staticflickr.com/4221/35030154206_f8ae0d941d_o.jpg,https://flic.kr/p/VnuGpY
297,https://live.staticflickr.com/1732/42329275942_49d88c8248_o.jpg,https://flic.kr/p/27uuB1s
298,https://live.staticflickr.com/4729/39217889461_1a1655b757_o.jpg,https://flic.kr/p/22KxWcX
299,https://live.staticflickr.com/4607/39578674584_3d2736489e_o.jpg,https://flic.kr/p/23ir447
300,https://live.staticflickr.com/492/31421461254_37295343e2_o.jpg,https://flic.kr/p/PSBcHY
301,https://live.staticflickr.com/4604/26385891168_2243a5e33e_o.jpg,https://flic.kr/p/GcCAb5
302,https://live.staticflickr.com/4731/38722871724_a878c2f3ae_o.jpg,https://flic.kr/p/21ZNQFo
303,https://live.staticflickr.com/1888/42865554370_81b35cff88_o.jpg,https://flic.kr/p/28iTaUf
304,https://live.staticflickr.com/4263/34449171404_c7d5dc2e19_o.jpg,https://flic.kr/p/Uua1t7
305,https://live.staticflickr.com/4279/34602909934_b1976e3302_o.jpg,https://flic.kr/p/UHJXzq
306,https://live.staticflickr.com/7344/13481482134_ab45828662_o.jpg,https://flic.kr/p/mxj7X9
307,https://live.staticflickr.com/8576/28541257185_da45a6da99_o.jpg,https://flic.kr/p/Ku6pp8
308,https://live.staticflickr.com/4174/34713122495_4c93ff301c_o.jpg,https://flic.kr/p/UTtPVZ
309,https://live.staticflickr.com/4497/23796793978_a9eb39a412_o.jpg,https://flic.kr/p/CfQMMm
310,https://live.staticflickr.com/8664/28286568916_fa9f4b5a29_o.jpg,https://flic.kr/p/K6A4s5
311,https://live.staticflickr.com/5827/30520500655_5b2d95c901_o.jpg,https://flic.kr/p/NuZxwx
312,https://live.staticflickr.com/1841/30906150258_e185d959f2_o.png,https://flic.kr/p/P656HC
313,https://live.staticflickr.com/7538/29460501985_58e3c1d1d0_o.jpg,https://flic.kr/p/LTjLRp
314,https://live.staticflickr.com/3744/33001472851_3f1bfe9b92_o.jpg,https://flic.kr/p/Sheb8e
315,https://live.staticflickr.com/4166/34353877285_2e03d886a1_o.jpg,https://flic.kr/p/UkJAR4
316,https://live.staticflickr.com/4363/36239743371_eab075d21a_o.jpg,https://flic.kr/p/Xdoa8z
317,https://live.staticflickr.com/1610/26233215676_9340164fef_o.jpg,https://flic.kr/p/FY9651
318,https://live.staticflickr.com/979/41425309775_02a9945727_o.jpg,https://flic.kr/p/267BxmT
319,https://live.staticflickr.com/2579/3903848148_0e6c6e63ae_o.jpg,https://flic.kr/p/6WYf3G
320,https://live.staticflickr.com/807/40403667194_da09bb9902_o.jpg,https://flic.kr/p/24ykmBC
321,https://live.staticflickr.com/8439/29618587780_50663456e4_o.jpg,https://flic.kr/p/M8i1fy
322,https://live.staticflickr.com/8858/27811017464_2b10ef1ef1_o.jpg,https://flic.kr/p/JnyJz7
323,https://live.staticflickr.com/4865/46946074532_4e90a3c59e_o.jpg,https://flic.kr/p/2ewsUo9
324,https://live.staticflickr.com/1729/42773495742_eb63a0d8d6_o.jpg,https://flic.kr/p/28aKm5w
325,https://live.staticflickr.com/1901/43115466730_30cceab5d4_o.jpg,https://flic.kr/p/28FY393
326,https://live.staticflickr.com/4279/35235732502_619517c412_o.jpg,https://flic.kr/p/VFEkFm
327,https://live.staticflickr.com/1914/44186542765_41600d5331_o.jpg,https://flic.kr/p/2ajBzJe
328,https://live.staticflickr.com/8589/29762716843_5d4b4a9530_o.jpg,https://flic.kr/p/Mm2GNp
329,https://live.staticflickr.com/8076/28957822660_765c3b7057_o.jpg,https://flic.kr/p/L7UpNu
330,https://live.staticflickr.com/4174/34519199241_12beb034a6_o.jpg,https://flic.kr/p/UAkViB
331,https://live.staticflickr.com/5623/31273937555_7f57621b30_o.jpg,https://flic.kr/p/PDz74V
332,https://live.staticflickr.com/533/32571697242_c026dac19f_o.jpg,https://flic.kr/p/RCfsNW
333,https://live.staticflickr.com/290/19784129353_1e81a1827c_o.jpg,https://flic.kr/p/w9fQov
334,https://live.staticflickr.com/808/40132768275_ee5ef30b53_o.jpg,https://flic.kr/p/249oVNB
335,https://live.staticflickr.com/8692/17736635942_a883e235d3_o.jpg,https://flic.kr/p/t2jTVY
336,https://live.staticflickr.com/851/30038389868_b90e9e2721_o.jpg,https://flic.kr/p/MLoAMA
337,https://live.staticflickr.com/4730/24502485957_8324a53f28_o.jpg,https://flic.kr/p/DkcDqr
338,https://live.staticflickr.com/4474/23690799258_198d284af4_o.jpg,https://flic.kr/p/C6txfb
339,https://live.staticflickr.com/8001/28999317752_37fb66e25d_o.jpg,https://flic.kr/p/Lbz5R7
340,https://live.staticflickr.com/4812/31642002517_a89932c34d_o.jpg,https://flic.kr/p/Qd6wXx
341,https://live.staticflickr.com/4715/39544638145_9438e681b4_o.jpg,https://flic.kr/p/23fqBcX
342,https://live.staticflickr.com/4272/35037363590_6e476571a7_o.jpg,https://flic.kr/p/Vo8DvG
343,https://live.staticflickr.com/826/40079847570_659a793703_o.jpg,https://flic.kr/p/244HGjE
344,https://live.staticflickr.com/5572/31147858112_004e44a995_o.jpg,https://flic.kr/p/PsqV3q
345,https://live.staticflickr.com/598/23728160296_50b1e8e53b_o.jpg,https://flic.kr/p/C9M2o1
346,https://live.staticflickr.com/4644/38454775804_6be6fa1627_o.jpg,https://flic.kr/p/21A7M6W
347,https://live.staticflickr.com/811/27083352608_38998a8e11_o.jpg,https://flic.kr/p/Hgggaj
348,https://live.staticflickr.com/4463/36823954013_529d91dd47_o.jpg,https://flic.kr/p/Y71oAR
349,https://live.staticflickr.com/694/32644611126_c56c5066cd_o.jpg,https://flic.kr/p/RJGayS
350,https://live.staticflickr.com/3838/33389190650_f822bb28cf_o.jpg,https://flic.kr/p/SSuk7S
351,https://live.staticflickr.com/2109/2276116017_391c188252_o.jpg,https://flic.kr/p/4t8FZB
352,https://live.staticflickr.com/1966/44910078221_281aefa15a_o.jpg,https://flic.kr/p/2bqxTBt
353,https://live.staticflickr.com/1914/43373690440_4320e84c52_o.jpg,https://flic.kr/p/295Mv3Y
354,https://live.staticflickr.com/4465/37847298356_94b906d404_o.jpg,https://flic.kr/p/ZEridQ
355,https://live.staticflickr.com/281/31421461264_2e4817b1da_o.jpg,https://flic.kr/p/PSBcJ9
356,https://live.staticflickr.com/8383/29675043811_6e93d2a2cd_o.jpg,https://flic.kr/p/MdhmEp
357,https://live.staticflickr.com/8021/29301248265_bd5022fece_o.jpg,https://flic.kr/p/LDfygB
358,https://live.staticflickr.com/4446/37222497540_25b1311274_o.jpg,https://flic.kr/p/YHe2GY
359,https://live.staticflickr.com/2676/4005175868_9b89676135_o.jpg,https://flic.kr/p/76Vzfm
360,https://live.staticflickr.com/7894/33392946268_ec81d05825_o.jpg,https://flic.kr/p/SSPzwU
361,https://live.staticflickr.com/65535/46921908744_63b1f15ba1_o.jpg,https://flic.kr/p/2euk3JC
362,https://live.staticflickr.com/4369/37137620762_7b06f3d898_o.jpg,https://flic.kr/p/YzJ1Nf
363,https://live.staticflickr.com/1309/1385278577_33d0748a83_o.jpg,https://flic.kr/p/37pV4p
364,https://live.staticflickr.com/7641/16992314597_e4df8aa6c1_o.jpg,https://flic.kr/p/rTy48k
365,https://live.staticflickr.com/4017/4329420351_938fcd14f8_o.jpg,https://flic.kr/p/7AzpQt
366,https://live.staticflickr.com/793/40266578855_71c8397a27_o.jpg,https://flic.kr/p/24mdK2z
367,https://live.staticflickr.com/728/32182559403_e22e4e5da7_o.jpg,https://flic.kr/p/R2S2FR
368,https://live.staticflickr.com/918/42359578375_7b017dc06e_o.jpg,https://flic.kr/p/27xaUSc
369,https://live.staticflickr.com/3047/2368516302_982f046bb5_o.jpg,https://flic.kr/p/4BignY
370,https://live.staticflickr.com/789/26743683197_e04f5b96f5_o.jpg,https://flic.kr/p/GKfnha
371,https://live.staticflickr.com/65535/36441394050_45cedf9477_o.jpg,https://flic.kr/p/XwcERq
372,https://live.staticflickr.com/3117/3140571887_9ddca2b028_o.jpg,https://flic.kr/p/5MwfBa
373,https://live.staticflickr.com/571/23152562979_114c2e17ed_o.jpg,https://flic.kr/p/BgUWmk
374,https://live.staticflickr.com/1930/44194424785_cc3a616213_o.jpg,https://flic.kr/p/2akiYM8
375,https://live.staticflickr.com/4165/34247066192_cf786b611c_o.jpg,https://flic.kr/p/UbiaCu
376,https://live.staticflickr.com/748/32438982053_6510016e3f_o.jpg,https://flic.kr/p/Rqwgd2
377,https://live.staticflickr.com/479/19630461952_38e0903371_o.jpg,https://flic.kr/p/vUFfqy
378,https://live.staticflickr.com/4156/33903938743_2c99965c10_o.jpg,https://flic.kr/p/TDYxMZ
379,https://live.staticflickr.com/2820/33325993344_5276040e1f_o.jpg,https://flic.kr/p/SLUqL9
380,https://live.staticflickr.com/3937/33620157866_59afab7d38_o.jpg,https://flic.kr/p/TdU6Cf
381,https://live.staticflickr.com/8774/16483316224_d2418a7700_o.jpg,https://flic.kr/p/r7ziDj
382,https://live.staticflickr.com/4306/35594991940_6003e76219_o.jpg,https://flic.kr/p/WepCZA
383,https://live.staticflickr.com/30/44989531_f01e250202_o.jpg,https://flic.kr/p/4YzPz
384,https://live.staticflickr.com/4267/34888494485_e8f5e56767_o.jpg,https://flic.kr/p/V9YDUZ
385,https://live.staticflickr.com/1850/30275610918_26312ea3e2_o.jpg,https://flic.kr/p/N8mqkG
386,https://live.staticflickr.com/8810/28283581841_d108fe3718_o.jpg,https://flic.kr/p/K6jKuM
387,https://live.staticflickr.com/7838/46413594455_938778035e_o.jpg,https://flic.kr/p/2dHpNBa
388,https://live.staticflickr.com/4743/28142940719_eb0ab41593_o.jpg,https://flic.kr/p/JSTVMR
389,https://live.staticflickr.com/4485/37952981371_87e91a31fd_o.jpg,https://flic.kr/p/ZPLX6M
390,https://live.staticflickr.com/1929/43407634140_b5bb6d59f1_o.jpg,https://flic.kr/p/298Mtkb
391,https://live.staticflickr.com/1555/25605613734_cd6fcc6a5f_o.jpg,https://flic.kr/p/F1FsSS
392,https://live.staticflickr.com/1720/26005291084_b41b6912c4_o.jpg,https://flic.kr/p/FBZV2E
393,https://live.staticflickr.com/4839/45839729421_bcdabb040b_o.jpg,https://flic.kr/p/2cQGAwr
394,https://live.staticflickr.com/573/21266517598_085bdfd3df_o.jpg,https://flic.kr/p/ypfsLw
395,https://live.staticflickr.com/8020/6959649912_5fac03b6ca_o.jpg,https://flic.kr/p/bB12s1
396,https://live.staticflickr.com/4226/34737500086_a2fe9cea2b_o.jpg,https://flic.kr/p/UVCLxh
397,https://live.staticflickr.com/1862/30285602778_7b7e783ff0_o.jpg,https://flic.kr/p/N9eCz9
398,https://live.staticflickr.com/4756/40175942061_75b4ba62c2_o.jpg,https://flic.kr/p/24ddcSe
399,https://live.staticflickr.com/8770/27684807814_933215d059_o.jpg,https://flic.kr/p/JbpSQE
400,https://live.staticflickr.com/943/27360821497_5e0a9c21e4_o.jpg,https://flic.kr/p/HFMmZF
401,https://live.staticflickr.com/4669/40406793231_4d45bea825_o.jpg,https://flic.kr/p/24yBnSP
402,https://live.staticflickr.com/4248/34549084163_88d007bf4d_o.jpg,https://flic.kr/p/UCZ63T
403,https://live.staticflickr.com/4332/36685422381_c45bd7201e_o.jpg,https://flic.kr/p/XTLnYr
404,https://live.staticflickr.com/1487/24242020755_0490b69b27_o.jpg,https://flic.kr/p/CWbGc6
405,https://live.staticflickr.com/5738/23706962972_aa1dc75626_o.jpg,https://flic.kr/p/C7Uo9U
406,https://live.staticflickr.com/4190/33813283214_d088404cf4_o.jpg,https://flic.kr/p/TvXV4C
407,https://live.staticflickr.com/3049/3012673922_87ace5d5be_o.jpg,https://flic.kr/p/5AdJZQ
408,https://live.staticflickr.com/3622/3375160588_1f5b886543_o.jpg,https://flic.kr/p/69fzDW
409,https://live.staticflickr.com/4834/31758805277_6556cd3764_o.jpg,https://flic.kr/p/Qoqbme
410,https://live.staticflickr.com/4522/26765080749_7cbd53c099_o.jpg,https://flic.kr/p/GM932t
411,https://live.staticflickr.com/4207/35032133462_3a4fc016da_o.jpg,https://flic.kr/p/VnEQM5
412,https://live.staticflickr.com/3935/33891590636_8475a08b3d_o.jpg,https://flic.kr/p/TCTg8A
413,https://live.staticflickr.com/4220/34949379866_f1f2c47b8e_o.jpg,https://flic.kr/p/VfmH1W
414,https://live.staticflickr.com/831/28354513278_c8e426114b_o.jpg,https://flic.kr/p/KcAhWA
415,https://live.staticflickr.com/3159/2433390799_815b770289_o.jpg,https://flic.kr/p/4H2LiM
416,https://live.staticflickr.com/637/22338719176_bffdd592eb_o.jpg,https://flic.kr/p/A2ZLWC
417,https://live.staticflickr.com/7906/45884391155_ecaff58def_o.jpg,https://flic.kr/p/2cUDuUk
418,https://live.staticflickr.com/4362/36505477374_282338792f_o.jpg,https://flic.kr/p/XBS7Aj
419,https://live.staticflickr.com/1980/30146350017_b8e6fb674c_o.jpg,https://flic.kr/p/MVVVzt
420,https://live.staticflickr.com/184/419325234_f7d13b79e6_o.jpg,https://flic.kr/p/D49Mq
421,https://live.staticflickr.com/744/32620790622_615e5432a1_o.jpg,https://flic.kr/p/RGA5yw
422,https://live.staticflickr.com/5575/30299879693_67ed7b10ea_o.jpg,https://flic.kr/p/NauNAR
423,https://live.staticflickr.com/4162/34350820241_978fe77484_o.jpg,https://flic.kr/p/UksW6p
424,https://live.staticflickr.com/4218/35093042151_6994e5ea9c_o.jpg,https://flic.kr/p/Vt41NT
425,https://live.staticflickr.com/922/41637817630_59e524bf62_o.jpg,https://flic.kr/p/26roGxq
426,https://live.staticflickr.com/65535/32698788937_70ca6110e7_o.jpg,https://flic.kr/p/RPtQK4
427,https://live.staticflickr.com/7292/27928744701_7ece936cee_o.jpg,https://flic.kr/p/JxY7M4
428,https://live.staticflickr.com/931/43758898912_12652a7b8b_o.jpg,https://flic.kr/p/29EPN7m
429,https://live.staticflickr.com/2848/33842614452_37680592b5_o.jpg,https://flic.kr/p/TyyfdC
430,https://live.staticflickr.com/687/21510955453_fb47d732dc_o.jpg,https://flic.kr/p/yLRgCi
431,https://live.staticflickr.com/7893/47053631482_f0c78371aa_o.jpg,https://flic.kr/p/2eFYajj
432,https://live.staticflickr.com/7828/47555312891_08a9c10149_o.jpg,https://flic.kr/p/2fsipHM
433,https://live.staticflickr.com/8119/28333743241_1e588ea21d_o.jpg,https://flic.kr/p/KaKQJv
434,https://live.staticflickr.com/7750/17722865583_15a8035004_o.jpg,https://flic.kr/p/t17jtZ
435,https://live.staticflickr.com/1899/29533582057_b6891925fd_o.jpg,https://flic.kr/p/LZMk1D
436,https://live.staticflickr.com/4559/38572745826_29570885d7_o.jpg,https://flic.kr/p/21LxptQ
437,https://live.staticflickr.com/1741/41921446085_403aba61bf_o.jpg,https://flic.kr/p/26Ssnpc
438,https://live.staticflickr.com/4748/26517371798_7a0d6bb3d3_o.jpg,https://flic.kr/p/GpfsMu
439,https://live.staticflickr.com/4120/4786513776_371492882d_o.jpg,https://flic.kr/p/8hY8MA
440,https://live.staticflickr.com/957/41068185264_84d1198400_o.jpg,https://flic.kr/p/25z4bFJ
441,https://live.staticflickr.com/1739/42098945694_5304379a76_o.jpg,https://flic.kr/p/27996Rh
442,https://live.staticflickr.com/1658/24351487476_0c955645e9_o.jpg,https://flic.kr/p/D6RJQm
443,https://live.staticflickr.com/961/41089865774_ca6721a954_o.jpg,https://flic.kr/p/25AYixC
444,https://live.staticflickr.com/847/42212926575_32eb1ec6ae_o.jpg,https://flic.kr/p/27jdhoT
445,https://live.staticflickr.com/4897/45031280584_60b2558996_o.jpg,https://flic.kr/p/2bBg5Ro
446,https://live.staticflickr.com/4293/35999176196_3d853bfa2f_o.jpg,https://flic.kr/p/WR8bTE
447,https://live.staticflickr.com/4827/45847488502_3d868861a0_o.jpg,https://flic.kr/p/2cRon2G
448,https://live.staticflickr.com/1918/31544542848_4c465b606b_o.jpg,https://flic.kr/p/Q4u2Aq
449,https://live.staticflickr.com/1949/44062270745_68046f460b_o.jpg,https://flic.kr/p/2a8CDZc
450,https://live.staticflickr.com/1797/42049374965_4866e262c2_o.jpg,https://flic.kr/p/274L3cx
451,https://live.staticflickr.com/3935/33396180170_ae1344711e_o.jpg,https://flic.kr/p/ST79RQ
452,https://live.staticflickr.com/4175/34628444971_3db4cfa653_o.jpg,https://flic.kr/p/UKZQfF
453,https://live.staticflickr.com/1704/24010637403_4c9c196973_o.jpg,https://flic.kr/p/CzJMYX
454,https://live.staticflickr.com/7565/16066320268_ed3002c7b2_o.jpg,https://flic.kr/p/qtJ6gS
455,https://live.staticflickr.com/3850/32884557210_f1b759b2b7_o.jpg,https://flic.kr/p/S6TXbj
456,https://live.staticflickr.com/5724/30867704026_82bee12cba_o.jpg,https://flic.kr/p/P2F3Zy
457,https://live.staticflickr.com/944/42216536802_d606b945f7_o.jpg,https://flic.kr/p/27jwMAb
458,https://live.staticflickr.com/1838/28135623287_048b6a0d91_o.jpg,https://flic.kr/p/JSfqze
459,https://live.staticflickr.com/926/42600531544_b7fc140b5d_o.jpg,https://flic.kr/p/27UsRRb
460,https://live.staticflickr.com/1949/31211188508_4e2e152d82_o.jpg,https://flic.kr/p/Py2uXN
461,https://live.staticflickr.com/8399/8708609688_37c5b1b068_o.jpg,https://flic.kr/p/egxUfU
462,https://live.staticflickr.com/652/22183446841_ed08a03d1d_o.jpg,https://flic.kr/p/zNgXTp
463,https://live.staticflickr.com/4703/39142821354_896cd80317_o.jpg,https://flic.kr/p/22CVc5f
464,https://live.staticflickr.com/4441/36450767496_a3fb65ed68_o.jpg,https://flic.kr/p/Xx2Hfy
465,https://live.staticflickr.com/806/40991371072_6de4085325_o.jpg,https://flic.kr/p/25sguv7
466,https://live.staticflickr.com/4596/38246298074_19eafc7b3d_o.jpg,https://flic.kr/p/21gGgWj
467,https://live.staticflickr.com/4254/34703606634_42f0c2848a_o.jpg,https://flic.kr/p/USD4cq
468,https://live.staticflickr.com/1891/30399074248_5271e6d981_o.jpg,https://flic.kr/p/NjgcFN
469,https://live.staticflickr.com/5760/30512478204_fc21042364_o.jpg,https://flic.kr/p/NuhqJq
470,https://live.staticflickr.com/7831/40631492183_880e15929c_o.jpg,https://flic.kr/p/24Ut23F
471,https://live.staticflickr.com/4679/39483220282_59be197c86_o.jpg,https://flic.kr/p/239ZPPh
472,https://live.staticflickr.com/5498/30829286006_aba2573398_o.jpg,https://flic.kr/p/NYh9DU
473,https://live.staticflickr.com/1949/43732692510_132d30c08b_o.jpg,https://flic.kr/p/29CvtRQ
474,https://live.staticflickr.com/7785/27169842745_50bde89e77_o.jpg,https://flic.kr/p/HoUxEz
475,https://live.staticflickr.com/1664/25740181642_7eedb49c8d_o.jpg,https://flic.kr/p/Fdzaed
476,https://live.staticflickr.com/490/18462262579_d0fbffc0c7_o.jpg,https://flic.kr/p/u8rVs4
477,https://live.staticflickr.com/2933/32671385432_4abc91290a_o.jpg,https://flic.kr/p/RM4oCQ
478,https://live.staticflickr.com/5749/23831940300_e642c64802_o.jpg,https://flic.kr/p/CiWVyq
479,https://live.staticflickr.com/720/23101979080_b728c05fcf_o.jpg,https://flic.kr/p/BcrFw9
480,https://live.staticflickr.com/5718/23546362799_dd343e885b_o.jpg,https://flic.kr/p/BSHgjp
481,https://live.staticflickr.com/268/31502518574_e234e482b0_o.jpg,https://flic.kr/p/PZLDeY
482,https://live.staticflickr.com/8484/29133985231_be5ce542d6_o.jpg,https://flic.kr/p/LothNc
483,https://live.staticflickr.com/1457/24880955630_fc64c5d862_o.jpg,https://flic.kr/p/DUDpgC
484,https://live.staticflickr.com/2820/33395955020_bfe6cc878a_o.jpg,https://flic.kr/p/ST5ZVW
485,https://live.staticflickr.com/600/33307716446_89e7eb7207_o.jpg,https://flic.kr/p/SKhKFd
486,https://live.staticflickr.com/4316/35887171561_d6fb820076_o.jpg,https://flic.kr/p/WFe8Pg
487,https://live.staticflickr.com/1963/43843287760_f763f94f7b_o.jpg,https://flic.kr/p/29NhiYu
488,https://live.staticflickr.com/4705/25947018108_8705b5fd3a_o.jpg,https://flic.kr/p/FwRfvb
489,https://live.staticflickr.com/8707/17093751681_85c7df9469_o.jpg,https://flic.kr/p/s3vWQz
490,https://live.staticflickr.com/1821/42321873155_4d51965e4f_o.jpg,https://flic.kr/p/27tQEqc
491,https://live.staticflickr.com/1766/43064255061_931a26c90c_o.jpg,https://flic.kr/p/28BryGe
492,https://live.staticflickr.com/4642/38268795194_670b9513fb_o.jpg,https://flic.kr/p/21iFzxG
493,https://live.staticflickr.com/1948/45178365082_7fa121a5ed_o.jpg,https://flic.kr/p/2bQfVX1
494,https://live.staticflickr.com/4831/43861746450_095bd6a7c3_o.jpg,https://flic.kr/p/29PUV6L
495,https://live.staticflickr.com/838/42374090645_c17b77759d_o.jpg,https://flic.kr/p/27yshRK
496,https://live.staticflickr.com/5247/5319161466_285b4c74d8_o.jpg,https://flic.kr/p/9736os
497,https://live.staticflickr.com/4364/37117367742_bc8e24f951_o.jpg,https://flic.kr/p/YxWdhf
498,https://live.staticflickr.com/336/32251841841_9de7585f59_o.jpg,https://flic.kr/p/R8Z7WD
499,https://live.staticflickr.com/8552/8699832097_aae2345c12_o.jpg,https://flic.kr/p/efLUZ8
500,https://live.staticflickr.com/4583/26615934109_197cfd13bc_o.jpg,https://flic.kr/p/GxXBVF
501,https://live.staticflickr.com/1451/24111908452_bc80e391a5_o.jpg,https://flic.kr/p/CJFQkw
502,https://live.staticflickr.com/4414/37056681786_b19120f600_o.jpg,https://flic.kr/p/YszbsE
503,https://live.staticflickr.com/4475/37229812884_2c72b16257_o.jpg,https://flic.kr/p/YHSwiA
504,https://live.staticflickr.com/4022/4688785492_b3ec131f57_o.jpg,https://flic.kr/p/89kfzb
505,https://live.staticflickr.com/778/33137797822_d843bcc376_o.jpg,https://flic.kr/p/SugSML
506,https://live.staticflickr.com/4591/38314280295_0da7de5c34_o.jpg,https://flic.kr/p/21nGGFz
507,https://live.staticflickr.com/432/32019803021_e322fc4958_o.jpg,https://flic.kr/p/QMtRTk
508,https://live.staticflickr.com/1498/24298075185_875ae3507f_o.jpg,https://flic.kr/p/D28ZdM
509,https://live.staticflickr.com/4324/35849349062_eb307f67a5_o.jpg,https://flic.kr/p/WBThvd
510,https://live.staticflickr.com/1859/44304847442_1d7ece9c42_o.jpg,https://flic.kr/p/2av4VA3
511,https://live.staticflickr.com/1722/28838838058_5a2736f1a2_o.jpg,https://flic.kr/p/KWozPQ
512,https://live.staticflickr.com/1548/24448475092_e803415f6d_o.jpg,https://flic.kr/p/DfqPSC
513,https://live.staticflickr.com/4585/24439614208_f226f4ea2e_o.jpg,https://flic.kr/p/DeDpQL
514,https://live.staticflickr.com/4446/23690798088_b1d0676126_o.jpg,https://flic.kr/p/C6twU1
515,https://live.staticflickr.com/4086/5060031392_b2f545d353_o.jpg,https://flic.kr/p/8H8Z3y
516,https://live.staticflickr.com/4010/4644665544_49fb59f9e9_o.jpg,https://flic.kr/p/85r8fq
517,https://live.staticflickr.com/1825/42853756551_a588b78cac_o.jpg,https://flic.kr/p/28hQGPz
518,https://live.staticflickr.com/4176/34796362535_1c65ecfe1a_o.jpg,https://flic.kr/p/V1Qsi6
519,https://live.staticflickr.com/5660/29777336904_6c305f22b4_o.jpg,https://flic.kr/p/MnjCQq
520,https://live.staticflickr.com/2879/33603295954_358f161d6d_o.jpg,https://flic.kr/p/TcpFaC
521,https://live.staticflickr.com/7092/26748915734_485422bdf1_o.jpg,https://flic.kr/p/GKHbJj
522,https://live.staticflickr.com/3789/33617511526_e84216eb41_o.jpg,https://flic.kr/p/TdEwXG
523,https://live.staticflickr.com/7555/28048993976_0cf98f49f5_o.jpg,https://flic.kr/p/JJAqGq
524,https://live.staticflickr.com/4440/36689384820_7c1e9092c6_o.jpg,https://flic.kr/p/XU7FSm
525,https://live.staticflickr.com/811/41581455672_04df2fc959_o.jpg,https://flic.kr/p/26mpQ6w
526,https://live.staticflickr.com/3757/10225182346_d37b6e72d1_o.jpg,https://flic.kr/p/gzyJtm
527,https://live.staticflickr.com/4502/37201364354_f65db08dd2_o.jpg,https://flic.kr/p/YFmHxG
528,https://live.staticflickr.com/4582/38498554712_f22c315948_o.jpg,https://flic.kr/p/21DZa3G
529,https://live.staticflickr.com/503/32101271510_f955161233_o.jpg,https://flic.kr/p/QUFpCs
530,https://live.staticflickr.com/8272/28664246304_b63f248681_o.jpg,https://flic.kr/p/KEXKMb
531,https://live.staticflickr.com/1478/24211149459_435e23d12a_o.jpg,https://flic.kr/p/CTsten
532,https://live.staticflickr.com/1884/44432036222_5f7d6fb69c_o.jpg,https://flic.kr/p/2aGiNo3
533,https://live.staticflickr.com/4577/38255228506_281eab9f2b_o.jpg,https://flic.kr/p/21hu3Dh
534,https://live.staticflickr.com/299/32708501076_67d4e7d131_o.jpg,https://flic.kr/p/RQkBPJ
535,https://live.staticflickr.com/4178/34649551195_3cf298bae1_o.jpg,https://flic.kr/p/UMS1p6
536,https://live.staticflickr.com/707/31499167213_04824bc6c1_o.jpg,https://flic.kr/p/PZtsZT
537,https://live.staticflickr.com/818/41296387912_36be1623f6_o.jpg,https://flic.kr/p/25VdMo9
538,https://live.staticflickr.com/4462/37581535540_8acae66362_o.jpg,https://flic.kr/p/ZfXccj
539,https://live.staticflickr.com/8420/29434409240_02d20645ab_o.jpg,https://flic.kr/p/LR23ou
540,https://live.staticflickr.com/65535/40764739603_9cfae853f6_o.jpg,https://flic.kr/p/257eWRZ
541,https://live.staticflickr.com/4586/37448803664_7a2c692ee4_o.jpg,https://flic.kr/p/Z4dUCG
542,https://live.staticflickr.com/6120/6354815779_42c283a8ae_o.jpg,https://flic.kr/p/aFy6ki
543,https://live.staticflickr.com/521/32251876086_1264e867d1_o.jpg,https://flic.kr/p/R8Zi85
544,https://live.staticflickr.com/7370/11777137793_8aa1582d7b_o.jpg,https://flic.kr/p/iWGUKT
545,https://live.staticflickr.com/4268/34830492491_205c567760_o.jpg,https://flic.kr/p/V4RnWB
546,https://live.staticflickr.com/4516/38899261272_c1f69b0545_o.jpg,https://flic.kr/p/22goT9u
547,https://live.staticflickr.com/4236/35856995275_f50d41d9fe_o.jpg,https://flic.kr/p/WCytst
548,https://live.staticflickr.com/3827/33074666080_d415907172_o.jpg,https://flic.kr/p/SoGiVs
549,https://live.staticflickr.com/7882/47185046891_806988a9e0_o.jpg,https://flic.kr/p/2eTzGxe
550,https://live.staticflickr.com/4205/35469176160_fd6a7ffce2_o.jpg,https://flic.kr/p/W3hNm1
551,https://live.staticflickr.com/7393/27131265955_79312c327c_o.jpg,https://flic.kr/p/HkuQ8v
552,https://live.staticflickr.com/4348/35826363484_21eb44b777_o.jpg,https://flic.kr/p/WzRtG9
553,https://live.staticflickr.com/65535/32925639757_9847103e32_o.jpg,https://flic.kr/p/SawvA6
554,https://live.staticflickr.com/5139/5456353004_831b3597c9_o.jpg,https://flic.kr/p/9jaeDN
555,https://live.staticflickr.com/4286/35333860561_e7582f11d3_o.jpg,https://flic.kr/p/VQkgJr
556,https://live.staticflickr.com/3152/3029397040_b436d11b88_o.jpg,https://flic.kr/p/5BGscs
557,https://live.staticflickr.com/2012/32959900325_a2998d0598_o.jpg,https://flic.kr/p/Sdy74x
558,https://live.staticflickr.com/2843/11823504814_04557aa5cc_o.jpg,https://flic.kr/p/j1Ny4h
559,https://live.staticflickr.com/8311/29095974173_6be6b64ffc_o.jpg,https://flic.kr/p/Lk7tr8
560,https://live.staticflickr.com/7276/6977309082_1546523d8d_o.jpg,https://flic.kr/p/bCywUs
561,https://live.staticflickr.com/4245/35063558881_b9e98a7f75_o.jpg,https://flic.kr/p/VqrUsD
562,https://live.staticflickr.com/8159/29428891795_03296182b4_o.jpg,https://flic.kr/p/LQwLf8
563,https://live.staticflickr.com/50/140190876_b63b63f45e_o.jpg,https://flic.kr/p/dovS5
564,https://live.staticflickr.com/5579/14705913972_075a033578_o.jpg,https://flic.kr/p/opvDSU
565,https://live.staticflickr.com/1768/41581968110_ac9fbe4d33_o.jpg,https://flic.kr/p/26mssqE
566,https://live.staticflickr.com/4376/36511134323_a967332e61_o.jpg,https://flic.kr/p/XCn7cV
567,https://live.staticflickr.com/4761/39745056871_9f10c0119e_o.jpg,https://flic.kr/p/23y8NHe
568,https://live.staticflickr.com/4608/25800112207_9a15a2e97a_o.jpg,https://flic.kr/p/FiSjuP
569,https://live.staticflickr.com/4589/25240328248_6122b84f00_o.jpg,https://flic.kr/p/Esphef
570,https://live.staticflickr.com/4583/38322848171_0091731bfe_o.jpg,https://flic.kr/p/21osBBz
571,https://live.staticflickr.com/887/27896239077_5246db883c_o.jpg,https://flic.kr/p/Jv6vZg
572,https://live.staticflickr.com/4401/36142261934_9fec5bf1c3_o.jpg,https://flic.kr/p/X4Lxi9
573,https://live.staticflickr.com/4220/34631718080_cf72f51862_o.jpg,https://flic.kr/p/ULhBeA
574,https://live.staticflickr.com/7878/46521162275_842e31275b_o.jpg,https://flic.kr/p/2dSV7LK
575,https://live.staticflickr.com/906/41518280514_c6ac51615a_o.jpg,https://flic.kr/p/26fQ3jE
576,https://live.staticflickr.com/5814/30559153330_8ee21cba08_o.jpg,https://flic.kr/p/NypDBY
577,https://live.staticflickr.com/1837/30263979718_1bf05b58f2_o.jpg,https://flic.kr/p/N7jNML
578,https://live.staticflickr.com/5778/21239083016_32e31823b9_o.jpg,https://flic.kr/p/ymPRqu
579,https://live.staticflickr.com/870/41356065902_45994b758b_o.jpg,https://flic.kr/p/261uDz1
580,https://live.staticflickr.com/780/21452241944_cba91b85ec_o.jpg,https://flic.kr/p/yFEm9q
581,https://live.staticflickr.com/7806/46669282765_12d7a50cd1_o.jpg,https://flic.kr/p/2e71gQi
582,https://live.staticflickr.com/1485/24630158559_350de9ab32_o.jpg,https://flic.kr/p/Dwu13c
583,https://live.staticflickr.com/537/31503571531_c15f1aa295_o.jpg,https://flic.kr/p/PZS3fp
584,https://live.staticflickr.com/7448/27345666411_757a5cd340_o.jpg,https://flic.kr/p/HErFV6
585,https://live.staticflickr.com/8220/29327186633_1dffe554e7_o.jpg,https://flic.kr/p/LFxuQR
586,https://live.staticflickr.com/1504/26503445970_58f6a2f8bd_o.jpg,https://flic.kr/p/Go2681
587,https://live.staticflickr.com/4387/36493631835_7ddd87403e_o.jpg,https://flic.kr/p/XAPpjT
588,https://live.staticflickr.com/788/26053386577_f5df5c95c1_o.jpg,https://flic.kr/p/FGfq9i
589,https://live.staticflickr.com/8263/29619214670_c82ae4aa7a_o.jpg,https://flic.kr/p/M8mdB1
590,https://live.staticflickr.com/4863/32035944418_ca8a0d37c1_o.jpg,https://flic.kr/p/QNUAah
591,https://live.staticflickr.com/1880/30609382288_fd7137cb72_o.jpg,https://flic.kr/p/NCR5Wu
592,https://live.staticflickr.com/8375/29246425485_5f081bde7f_o.jpg,https://flic.kr/p/Lypzng
593,https://live.staticflickr.com/1859/30609242478_9dcd1c5a3d_o.jpg,https://flic.kr/p/NCQnnY
594,https://live.staticflickr.com/956/42307653611_eaf7522be9_o.jpg,https://flic.kr/p/27szMrD
595,https://live.staticflickr.com/4318/35914998251_200d3f227c_o.jpg,https://flic.kr/p/WHFKHM
596,https://live.staticflickr.com/8272/29718023753_a6f1557563_o.jpg,https://flic.kr/p/Mh5D6T
597,https://live.staticflickr.com/4714/26667225728_e5c12b98f9_o.jpg,https://flic.kr/p/GCuv8W
598,https://live.staticflickr.com/4324/35132761493_a47238c0d4_o.jpg,https://flic.kr/p/VwyzZ8
599,https://live.staticflickr.com/6238/6347533644_7b75c5d8ea_o.jpg,https://flic.kr/p/aEULBf
600,https://live.staticflickr.com/1801/42728365614_10d1b7e6d4_o.jpg,https://flic.kr/p/286L3sS
601,https://live.staticflickr.com/4282/34422575113_c7bae1bd45_o.jpg,https://flic.kr/p/UrNGjn
602,https://live.staticflickr.com/7187/26611615570_c985cdb044_o.jpg,https://flic.kr/p/Gxzub7
603,https://live.staticflickr.com/5603/30341420480_7b9a0c2122_o.jpg,https://flic.kr/p/NeaHej
604,https://live.staticflickr.com/4166/34271877432_51920a32dc_o.jpg,https://flic.kr/p/Uduk9u
605,https://live.staticflickr.com/582/32424357264_298725d1b3_o.jpg,https://flic.kr/p/RpeiLu
606,https://live.staticflickr.com/426/20143614415_c7fa2122bf_o.jpg,https://flic.kr/p/wG2hLP
607,https://live.staticflickr.com/3475/3272434245_6863d731c3_o.jpg,https://flic.kr/p/5Zb5G6
608,https://live.staticflickr.com/659/32522022205_86ff411e5a_o.jpg,https://flic.kr/p/RxRS9M
609,https://live.staticflickr.com/4555/38051622484_f82f792880_o.jpg,https://flic.kr/p/ZYuvEC
610,https://live.staticflickr.com/5826/20682678608_2ac2dcafae_o.jpg,https://flic.kr/p/xvE8M3
611,https://live.staticflickr.com/8269/29247115744_699ddab58a_o.jpg,https://flic.kr/p/Lyt7yh
612,https://live.staticflickr.com/4711/39167868595_09327cd49b_o.jpg,https://flic.kr/p/22F8yKe
613,https://live.staticflickr.com/3475/3946853584_e86f7b042a_o.jpg,https://flic.kr/p/71LE4J
614,https://live.staticflickr.com/1740/42858498181_9ac11b54d9_o.jpg,https://flic.kr/p/28ig1kP
615,https://live.staticflickr.com/5652/23009952226_b34bcdd2fe_o.jpg,https://flic.kr/p/B4j29f
616,https://live.staticflickr.com/8412/30268069421_80e76bff61_o.jpg,https://flic.kr/p/N7FLvT
617,https://live.staticflickr.com/1903/44924512404_667d02e94d_o.jpg,https://flic.kr/p/2brPSoG
618,https://live.staticflickr.com/4547/37970673985_6f0cdbcff2_o.jpg,https://flic.kr/p/ZRkCuR
619,https://live.staticflickr.com/1948/30072660857_7e27e28225_o.jpg,https://flic.kr/p/MPqfmH
620,https://live.staticflickr.com/3296/2836607863_efdacb2d30_o.jpg,https://flic.kr/p/5jEmG8
621,https://live.staticflickr.com/1582/25725019404_7b361831a6_o.jpg,https://flic.kr/p/Fces2j
622,https://live.staticflickr.com/4507/37911272481_e77785d90c_o.jpg,https://flic.kr/p/ZL6buZ
623,https://live.staticflickr.com/7901/33431879558_3d818372ca_o.jpg,https://flic.kr/p/SWg83w
624,https://live.staticflickr.com/912/27856000108_6f098579fd_o.jpg,https://flic.kr/p/JrxhkW
625,https://live.staticflickr.com/5213/5508784414_3ec3992ddc_o.jpg,https://flic.kr/p/9oMXFC
626,https://live.staticflickr.com/8557/30045953260_fb27aa5b74_o.jpg,https://flic.kr/p/MM4n7U
627,https://live.staticflickr.com/3651/3344880400_e3cff19e26_o.jpg,https://flic.kr/p/66zopJ
628,https://live.staticflickr.com/4849/44044283710_3253ba4a4e_o.jpg,https://flic.kr/p/2a73t4U
629,https://live.staticflickr.com/4518/37860654785_9e6d334f1b_o.jpg,https://flic.kr/p/ZFBKC6
630,https://live.staticflickr.com/2675/3890412502_b4f91a1448_o.jpg,https://flic.kr/p/6VMo6C
631,https://live.staticflickr.com/4915/32081090347_4844860b80_o.jpg,https://flic.kr/p/QSTYtn
632,https://live.staticflickr.com/8236/8366585001_e4947b90df_o.jpg,https://flic.kr/p/dKjWex
633,https://live.staticflickr.com/4568/24119958367_7aa16687a2_o.jpg,https://flic.kr/p/CKp6ia
634,https://live.staticflickr.com/1760/42738478032_8fc45a764d_o.jpg,https://flic.kr/p/287DSwU
635,https://live.staticflickr.com/2860/34277699156_438cf2c8e5_o.jpg,https://flic.kr/p/Ue1aK3
636,https://live.staticflickr.com/5472/29357246684_46c7d3be8c_o.jpg,https://flic.kr/p/LJcyDA
637,https://live.staticflickr.com/7269/13487656973_b5d9705eca_o.jpg,https://flic.kr/p/mxRLvT
638,https://live.staticflickr.com/1829/41125412050_2d5b7e4353_o.jpg,https://flic.kr/p/25E7uds
639,https://live.staticflickr.com/65535/46946435514_76242f818e_o.jpg,https://flic.kr/p/2ewuKFY
640,https://live.staticflickr.com/126/338600401_8a8f648ba5_o.jpg,https://flic.kr/p/vVq6X
641,https://live.staticflickr.com/5709/30191502870_b09b7a85e1_o.jpg,https://flic.kr/p/MZVkWW
642,https://live.staticflickr.com/792/27646502498_93d2151535_o.jpg,https://flic.kr/p/J82y1b
643,https://live.staticflickr.com/4733/24230726317_fdaac4d0bd_o.jpg,https://flic.kr/p/CVbNKp
644,https://live.staticflickr.com/6092/6330704947_42b3b83593_o.jpg,https://flic.kr/p/aDqw2i
645,https://live.staticflickr.com/681/20575275526_fc2ffb0bce_o.jpg,https://flic.kr/p/xmaEzL
646,https://live.staticflickr.com/6216/6240217938_797f42c75e_o.jpg,https://flic.kr/p/avqKos
647,https://live.staticflickr.com/1901/45629131512_278846a947_o.jpg,https://flic.kr/p/2cw6e71
648,https://live.staticflickr.com/4380/36643006080_f61313dbcd_o.jpg,https://flic.kr/p/XQ1Z5U
649,https://live.staticflickr.com/1884/44237451402_216d1f6897_o.jpg,https://flic.kr/p/2ap7v6m
650,https://live.staticflickr.com/6213/6243090894_73012a8c1b_o.jpg,https://flic.kr/p/avFtqb
651,https://live.staticflickr.com/7195/26892952084_65ee1d179d_o.jpg,https://flic.kr/p/GYrpHE
652,https://live.staticflickr.com/576/21144595512_5ca6fcac23_o.jpg,https://flic.kr/p/ydtzzA
653,https://live.staticflickr.com/4522/24349199978_e5d44bbda7_o.jpg,https://flic.kr/p/D6E1QJ
654,https://live.staticflickr.com/8556/30082324236_3ca3cdc189_o.jpg,https://flic.kr/p/MQgLWG
655,https://live.staticflickr.com/4469/24335107448_4af8a8aef5_o.jpg,https://flic.kr/p/D5pMC5
656,https://live.staticflickr.com/3895/14923953682_cd8bb932cf_o.jpg,https://flic.kr/p/oJMauf
657,https://live.staticflickr.com/7599/26878628415_e1226394c8_o.jpg,https://flic.kr/p/GXaZMR
658,https://live.staticflickr.com/2867/9762587221_55722127fd_o.jpg,https://flic.kr/p/fSFP4k
659,https://live.staticflickr.com/1438/715558913_3438783431_o.jpg,https://flic.kr/p/26eqJD
660,https://live.staticflickr.com/5015/5510056462_37c229333d_o.jpg,https://flic.kr/p/9oUtPu
661,https://live.staticflickr.com/8576/15951770221_2942b44f3e_o.jpg,https://flic.kr/p/qiAZx4
662,https://live.staticflickr.com/4165/34285889441_32103de402_o.jpg,https://flic.kr/p/UeJ9qR
663,https://live.staticflickr.com/4667/25540415497_d004cec282_o.jpg,https://flic.kr/p/EUViHk
664,https://live.staticflickr.com/535/20103382615_f0bed8a649_o.jpg,https://flic.kr/p/wCt6g6
665,https://live.staticflickr.com/8605/28239480990_e637f44130_o.jpg,https://flic.kr/p/K2qHRh
666,https://live.staticflickr.com/4548/38245631091_f18d7fac3d_o.jpg,https://flic.kr/p/21gCREB
667,https://live.staticflickr.com/3200/2699065626_a46eb04819_o.jpg,https://flic.kr/p/57vqbf
668,https://live.staticflickr.com/4293/35908379196_6dbf9f500c_o.png,https://flic.kr/p/WH6Q79
669,https://live.staticflickr.com/8809/28861071686_695147ef22_o.jpg,https://flic.kr/p/KYmx7f
670,https://live.staticflickr.com/5804/23640760262_dba9200ae0_o.jpg,https://flic.kr/p/C245oS
671,https://live.staticflickr.com/2570/4220856234_c6ba0aa4e4_o.jpg,https://flic.kr/p/7qYZvm
672,https://live.staticflickr.com/2351/2277959695_1acb7341c4_o.jpg,https://flic.kr/p/4ti94a
673,https://live.staticflickr.com/1249/568851509_eab25abe9b_o.jpg,https://flic.kr/p/SgvJD
674,https://live.staticflickr.com/4457/37676753506_0c7af4001a_o.jpg,https://flic.kr/p/Zpndbo
675,https://live.staticflickr.com/4431/36500125203_856dd17420_o.jpg,https://flic.kr/p/XBoFzv
676,https://live.staticflickr.com/7502/26821018295_d15d6d90b7_o.jpg,https://flic.kr/p/GS5JiV
677,https://live.staticflickr.com/8439/29125055993_ee37562066_o.jpg,https://flic.kr/p/LnFwrP
678,https://live.staticflickr.com/7635/29031897151_e638d42c55_o.jpg,https://flic.kr/p/Les4yT
679,https://live.staticflickr.com/3741/10960676214_cfcfe12050_o.jpg,https://flic.kr/p/hGykb7
680,https://live.staticflickr.com/6098/6369963047_b4e036c95f_o.jpg,https://flic.kr/p/aGTJ66
681,https://live.staticflickr.com/4839/31715021607_ed5ce49afc_o.jpg,https://flic.kr/p/QjxLZn
682,https://live.staticflickr.com/7881/45505184685_fcf6685d4b_o.jpg,https://flic.kr/p/2ck8Y2K
683,https://live.staticflickr.com/1877/43478569074_1f56193f73_o.jpg,https://flic.kr/p/29f42Ph
684,https://live.staticflickr.com/4304/35144946624_289ab84b49_o.jpg,https://flic.kr/p/VxD3cA
685,https://live.staticflickr.com/1551/26266413256_0d3d953ab4_o.jpg,https://flic.kr/p/G25ey5
686,https://live.staticflickr.com/558/32747740485_d7b29d191f_o.jpg,https://flic.kr/p/RTNJkg
687,https://live.staticflickr.com/3480/3464077738_7cfcc3e680_o.jpg,https://flic.kr/p/6h7iCf
688,https://live.staticflickr.com/7876/46624558514_ed464876c5_o.jpg,https://flic.kr/p/2e343Sw
689,https://live.staticflickr.com/7062/6920119489_44de78c6c7_o.jpg,https://flic.kr/p/bxvqqZ
690,https://live.staticflickr.com/8718/28864779716_e774bc5f83_o.jpg,https://flic.kr/p/KYFxnN
691,https://live.staticflickr.com/65535/23818931733_098daed038_o.jpg,https://flic.kr/p/ChNfyM
692,https://live.staticflickr.com/7472/16057289126_2aaa97923d_o.jpg,https://flic.kr/p/qsVNCw
693,https://live.staticflickr.com/556/32431533012_e940a3f14c_o.jpg,https://flic.kr/p/RpS5Sh
694,https://live.staticflickr.com/479/31934347346_9b1e3468f6_o.jpg,https://flic.kr/p/QDVSTC
695,https://live.staticflickr.com/7023/6581178955_2817bf99b0_o.jpg,https://flic.kr/p/b2ygdF
696,https://live.staticflickr.com/8769/17104615402_e648b2be47_o.jpg,https://flic.kr/p/s4tCf7
697,https://live.staticflickr.com/5798/23804473395_3f0ab6140c_o.jpg,https://flic.kr/p/Cgw9B6
698,https://live.staticflickr.com/1704/25222146659_2461974011_o.jpg,https://flic.kr/p/EqN6tz
699,https://live.staticflickr.com/4473/37537899966_5485d4691e_o.jpg,https://flic.kr/p/Zc6xRQ
700,https://live.staticflickr.com/2947/33642180871_7a4f1b774c_o.jpg,https://flic.kr/p/TfQYie
701,https://live.staticflickr.com/7711/17218122628_04eb7fd848_o.jpg,https://flic.kr/p/sevnZf
702,https://live.staticflickr.com/3285/3007925543_01cfe11e8a_o.jpg,https://flic.kr/p/5zNpte
703,https://live.staticflickr.com/1946/45680195241_90a9dceb75_o.jpg,https://flic.kr/p/2cAAWz8
704,https://live.staticflickr.com/5496/29893202092_6854ecf93a_o.jpg,https://flic.kr/p/Mxytw5
705,https://live.staticflickr.com/675/31189111154_a2403c7faf_o.jpg,https://flic.kr/p/Pw5m8L
706,https://live.staticflickr.com/6100/6303228181_ea75212d45_o.jpg,https://flic.kr/p/aAZG8X
707,https://live.staticflickr.com/4542/38602157636_3a793d6467_o.jpg,https://flic.kr/p/21P99A1
708,https://live.staticflickr.com/4855/32081084647_9578800831_o.jpg,https://flic.kr/p/QSTWM6
709,https://live.staticflickr.com/4845/32081094077_81e7b8fcd2_o.jpg,https://flic.kr/p/QSTZzF
710,https://live.staticflickr.com/5571/14455831728_0fbdc4c326_o.jpg,https://flic.kr/p/o2pV95
711,https://live.staticflickr.com/3885/14684135253_60d5e29726_o.jpg,https://flic.kr/p/onA2PK
712,https://live.staticflickr.com/7904/47058847371_3840806e67_o.jpg,https://flic.kr/p/2eGqTPr
713,https://live.staticflickr.com/887/26298607547_d236da2c22_o.jpg,https://flic.kr/p/G4VeN4
714,https://live.staticflickr.com/884/41125411280_533d62e6d6_o.jpg,https://flic.kr/p/25E7tZb
715,https://live.staticflickr.com/838/28323755047_27c3b9956d_o.jpg,https://flic.kr/p/K9SDAg
716,https://live.staticflickr.com/1918/45629127982_c2df85fd48_o.jpg,https://flic.kr/p/2cw6d49
717,https://live.staticflickr.com/2643/4210476211_b39be3f25b_o.jpg,https://flic.kr/p/7q4MTr
718,https://live.staticflickr.com/4454/37754832576_3854281809_o.jpg,https://flic.kr/p/Zwgonf
719,https://live.staticflickr.com/1107/5104070583_9fd6a19a19_o.jpg,https://flic.kr/p/8M2GmX
720,https://live.staticflickr.com/5575/31035334620_346bee7b84_o.jpg,https://flic.kr/p/PhucJd
721,https://live.staticflickr.com/1730/42107820604_1892d389fd_o.jpg,https://flic.kr/p/279VA3Y
722,https://live.staticflickr.com/7077/6975241048_439080fe36_o.jpg,https://flic.kr/p/bCnW9G
723,https://live.staticflickr.com/498/30901883763_5249042405_o.jpg,https://flic.kr/p/P5Gern
724,https://live.staticflickr.com/4226/34776195262_51d4a1ba15_o.jpg,https://flic.kr/p/UZ46gu
725,https://live.staticflickr.com/3107/2321136879_4d564c150b_o.jpg,https://flic.kr/p/4x7r8n
726,https://live.staticflickr.com/4582/26796788099_273de23635_o.jpg,https://flic.kr/p/GPWxvV
727,https://live.staticflickr.com/4347/36257272313_e913dfb541_o.jpg,https://flic.kr/p/XeVZSH
728,https://live.staticflickr.com/8555/29190491406_f49a28aedd_o.jpg,https://flic.kr/p/LtsU7A
729,https://live.staticflickr.com/4668/26424277158_c87f909f11_o.jpg,https://flic.kr/p/Gg2jZu
730,https://live.staticflickr.com/4380/35679235003_ac316d9278_o.jpg,https://flic.kr/p/WmRpwc
731,https://live.staticflickr.com/7826/32569394507_51ed6422f4_o.jpg,https://flic.kr/p/RC3EhB
732,https://live.staticflickr.com/3859/15102536312_2bb271caa1_o.jpg,https://flic.kr/p/p1yrT7
733,https://live.staticflickr.com/7404/27520362370_6b9768af0c_o.jpg,https://flic.kr/p/HVT3Wo
734,https://live.staticflickr.com/5544/30041362320_876a5f4f22_o.jpg,https://flic.kr/p/MLDQoL
735,https://live.staticflickr.com/65535/46818114735_255072986a_o.jpg,https://flic.kr/p/2eka5oK
736,https://live.staticflickr.com/883/27751280458_47438d76ee_o.jpg,https://flic.kr/p/JhhyQJ
737,https://live.staticflickr.com/186/404515716_44aae7da6a_o.jpg,https://flic.kr/p/BKfqU
738,https://live.staticflickr.com/360/31655426260_f132f79f48_o.jpg,https://flic.kr/p/Qehkno
739,https://live.staticflickr.com/8771/28648739740_ce434eab07_o.jpg,https://flic.kr/p/KDAhdC
740,https://live.staticflickr.com/4187/34380436201_3969a65b87_o.jpg,https://flic.kr/p/Uo5HTp
741,https://live.staticflickr.com/4446/37462153772_bc6803df1a_o.jpg,https://flic.kr/p/Z5pk9Y
742,https://live.staticflickr.com/4490/38137603776_0f78065e0e_o.jpg,https://flic.kr/p/2176bUG
743,https://live.staticflickr.com/6189/6099185829_0c95840ccc_o.jpg,https://flic.kr/p/ahXVsn
744,https://live.staticflickr.com/5144/13882100283_e9e88674a0_o.jpg,https://flic.kr/p/n9HoLB
745,https://live.staticflickr.com/8300/29372405736_5c26b7bb30_o.jpg,https://flic.kr/p/LKxfUy
746,https://live.staticflickr.com/1840/44027630042_a77a64f041_o.jpg,https://flic.kr/p/2a5z7vG
747,https://live.staticflickr.com/7377/13938477657_50eb6e0da5_o.jpg,https://flic.kr/p/neGkNi
748,https://live.staticflickr.com/3509/3220410184_0f88109ce7_o.jpg,https://flic.kr/p/5UzrKw
749,https://live.staticflickr.com/861/43217559294_2ae9105603_o.jpg,https://flic.kr/p/28QZhGE
750,https://live.staticflickr.com/7426/12367066695_5178f295f0_o.jpg,https://flic.kr/p/jQQs4R
751,https://live.staticflickr.com/8475/29525920910_3ffe8ea985_o.jpg,https://flic.kr/p/LZ74BU
752,https://live.staticflickr.com/4689/27343347969_90a4dc3d90_o.jpg,https://flic.kr/p/HEeNHX
753,https://live.staticflickr.com/3894/14607132178_c070b31e5f_o.jpg,https://flic.kr/p/ofMnuw
754,https://live.staticflickr.com/779/32176110016_c44d7eb66b_o.jpg,https://flic.kr/p/R2hYvw
755,https://live.staticflickr.com/8614/16565515549_a2513932a4_o.jpg,https://flic.kr/p/reQAD4
756,https://live.staticflickr.com/8742/29563699963_9235c67cb0_o.jpg,https://flic.kr/p/M3rG1T
757,https://live.staticflickr.com/4564/25113442788_b8b3419f6b_o.jpg,https://flic.kr/p/EgbXAU
758,https://live.staticflickr.com/3686/33025529800_1731c3a0e8_o.jpg,https://flic.kr/p/Sjmtqd
759,https://live.staticflickr.com/4366/37140564042_2bdf905b74_o.jpg,https://flic.kr/p/YzZ6Js
760,https://live.staticflickr.com/806/41140138851_c8cfa54dc6_o.jpg,https://flic.kr/p/25FpXYP
761,https://live.staticflickr.com/5248/5299930670_181a0c732b_o.jpg,https://flic.kr/p/95kwK1
762,https://live.staticflickr.com/1473/25914024445_de014ca3aa_o.jpg,https://flic.kr/p/FtW9CV
763,https://live.staticflickr.com/8874/18690799381_2b79d352d1_o.jpg,https://flic.kr/p/utDetK
764,https://live.staticflickr.com/7544/16063255665_bede113e0f_o.jpg,https://flic.kr/p/qtsogT
765,https://live.staticflickr.com/1679/25911722606_2d5b7192d8_o.jpg,https://flic.kr/p/FtJmo3
766,https://live.staticflickr.com/3485/3199627028_216eff6439_o.jpg,https://flic.kr/p/5SJVDf
767,https://live.staticflickr.com/639/21106400413_2cd741b323_o.jpg,https://flic.kr/p/ya6Pvp
768,https://live.staticflickr.com/5611/31272891202_7bfa9cf371_o.jpg,https://flic.kr/p/PDtK2m
769,https://live.staticflickr.com/4690/25464469088_47c388cd2b_o.jpg,https://flic.kr/p/ENd4uu
770,https://live.staticflickr.com/7073/7190755946_8b6c33e000_o.jpg,https://flic.kr/p/bXqvdN
771,https://live.staticflickr.com/8160/7181651234_0cf34cea21_o.jpg,https://flic.kr/p/bWBQH1
772,https://live.staticflickr.com/5760/29864279123_eb3f035947_o.jpg,https://flic.kr/p/Mv1eJc
773,https://live.staticflickr.com/425/31770663280_cdb28913a3_o.jpg,https://flic.kr/p/QpsXjy
774,https://live.staticflickr.com/5768/22916725609_cfbdf952fd_o.jpg,https://flic.kr/p/AV5d7M
775,https://live.staticflickr.com/3133/2820600419_f7bd5ddcde_o.jpg,https://flic.kr/p/5ifjeH
776,https://live.staticflickr.com/1417/1224953481_64fd2a491d_o.jpg,https://flic.kr/p/2SfcZB
777,https://live.staticflickr.com/7302/11991979753_2fca5eae56_o.jpg,https://flic.kr/p/jgG2MB
778,https://live.staticflickr.com/5722/20355725043_992f8d34d1_o.jpg,https://flic.kr/p/x1LpSB
779,https://live.staticflickr.com/8274/29739761824_4087023553_o.jpg,https://flic.kr/p/Mj145d
780,https://live.staticflickr.com/4500/37462194032_74122e7abb_o.jpg,https://flic.kr/p/Z5px87
781,https://live.staticflickr.com/1503/24438604899_78d21c8468_o.jpg,https://flic.kr/p/DeyeNT
782,https://live.staticflickr.com/3789/33568026675_71b9a54652_o.jpg,https://flic.kr/p/T9hUQB
783,https://live.staticflickr.com/815/26742456317_538bd5e8c3_o.jpg,https://flic.kr/p/GK95z4
784,https://live.staticflickr.com/1486/25806686224_55cc9c5673_o.jpg,https://flic.kr/p/Fjs1HW
785,https://live.staticflickr.com/5167/5324431568_31c022749a_o.jpg,https://flic.kr/p/97v71h
786,https://live.staticflickr.com/1862/43972603154_ae8fc36dda_o.jpg,https://flic.kr/p/29ZH5Wf
787,https://live.staticflickr.com/972/41518620624_b8b83bae30_o.jpg,https://flic.kr/p/26fRMqC
788,https://live.staticflickr.com/3524/3757191545_30e2d96b64_o.jpg,https://flic.kr/p/6J1A9z
789,https://live.staticflickr.com/8618/28523550832_5968659e34_o.jpg,https://flic.kr/p/KswDVb
790,https://live.staticflickr.com/65535/40902865773_4b69827e6f_o.jpg,https://flic.kr/p/25jrSXF
791,https://live.staticflickr.com/8311/29245203645_388c0ee814_o.jpg,https://flic.kr/p/Lyija4
792,https://live.staticflickr.com/8312/29692335501_cdac55af03_o.jpg,https://flic.kr/p/MeNYSZ
793,https://live.staticflickr.com/8603/28591821065_2fb7ef83ec_o.jpg,https://flic.kr/p/Kyyyha
794,https://live.staticflickr.com/1645/25644201022_6425b4016c_o.jpg,https://flic.kr/p/F56ewW
795,https://live.staticflickr.com/7557/28275032266_fea3d6bec8_o.jpg,https://flic.kr/p/K5yW1j
796,https://live.staticflickr.com/4233/35178493152_39b1bb48d2_o.jpg,https://flic.kr/p/VAAYq1
797,https://live.staticflickr.com/7594/16214961574_7a91bda378_o.jpg,https://flic.kr/p/qGRVa1
798,https://live.staticflickr.com/8035/28392495844_2dd5fec01e_o.jpg,https://flic.kr/p/KfWXQq
799,https://live.staticflickr.com/3836/14234209278_be9990fa0c_o.jpg,https://flic.kr/p/nFQ3vm
800,https://live.staticflickr.com/710/22583077371_352bf0d05d_o.jpg,https://flic.kr/p/ApAb7X
801,https://live.staticflickr.com/4298/35887095021_d8d6b2d735_o.jpg,https://flic.kr/p/WFdK4B
802,https://live.staticflickr.com/4746/40474054362_a1fb587fb6_o.jpg,https://flic.kr/p/24Ey7gu
803,https://live.staticflickr.com/1911/43745923570_a000d93d8d_o.jpg,https://flic.kr/p/29DFhZy
804,https://live.staticflickr.com/5749/23995433102_32037a6a6a_o.jpg,https://flic.kr/p/CyoSgQ
805,https://live.staticflickr.com/7850/47131272592_e2e349449d_o.jpg,https://flic.kr/p/2eNQ6j9
806,https://live.staticflickr.com/59/154820164_3032612b86_o.jpg,https://flic.kr/p/eFuDb
807,https://live.staticflickr.com/2814/33238641881_43b41ef525_o.jpg,https://flic.kr/p/SDbJdr
808,https://live.staticflickr.com/2915/14113599306_62908037cc_o.jpg,https://flic.kr/p/nvaTn5
809,https://live.staticflickr.com/4735/24318061717_9eda224e58_o.jpg,https://flic.kr/p/D3Uqwa
810,https://live.staticflickr.com/4550/38995923102_be9ac176ba_o.jpg,https://flic.kr/p/22pWikL
811,https://live.staticflickr.com/4196/34502139504_f2e56cfc25_o.jpg,https://flic.kr/p/UyQu3d
812,https://live.staticflickr.com/8711/16961590388_65268dae12_o.jpg,https://flic.kr/p/rQQzTA
813,https://live.staticflickr.com/2832/33197515586_b93ddef41f_o.jpg,https://flic.kr/p/SzxWNo
814,https://live.staticflickr.com/8046/28865253515_6a67df7c16_o.jpg,https://flic.kr/p/KYHYdK
815,https://live.staticflickr.com/7450/27954545752_48d68762a2_o.jpg,https://flic.kr/p/JAfmwL
816,https://live.staticflickr.com/7549/15902546031_e3404dd249_o.jpg,https://flic.kr/p/qefGU8
817,https://live.staticflickr.com/913/41572670160_4b91de6ecc_o.jpg,https://flic.kr/p/26kCNtb
818,https://live.staticflickr.com/7402/16361319947_1b41fbcd8c_o.jpg,https://flic.kr/p/qVN3pe
819,https://live.staticflickr.com/8098/28509053454_a2397cbbbe_o.jpg,https://flic.kr/p/Krfmmo
820,https://live.staticflickr.com/4571/37673553985_568e6e230f_o.jpg,https://flic.kr/p/Zp5P5e
821,https://live.staticflickr.com/5170/5372754294_85298939c0_o.png,https://flic.kr/p/9bLLEJ
822,https://live.staticflickr.com/1695/24780018846_37920ee4a8_o.jpg,https://flic.kr/p/DKJ5hf
823,https://live.staticflickr.com/5503/30983852681_d76c37e217_o.jpg,https://flic.kr/p/PcWkWz
824,https://live.staticflickr.com/1471/25334099652_0c6a69c23b_o.jpg,https://flic.kr/p/EAFTcA
825,https://live.staticflickr.com/8460/28421352324_7d136ac180_o.jpg,https://flic.kr/p/KiuRRW
826,https://live.staticflickr.com/3953/15317370767_d90f2ef5e2_o.jpg,https://flic.kr/p/pkxwFr
827,https://live.staticflickr.com/5050/5356679095_0c268d9489_o.jpg,https://flic.kr/p/9amo58
828,https://live.staticflickr.com/5747/30495488046_86a57685a7_o.jpg,https://flic.kr/p/NsMm9E
829,https://live.staticflickr.com/5580/31218866812_7e09c93545_o.jpg,https://flic.kr/p/PyGRsm
830,https://live.staticflickr.com/3221/2694805209_e2d23bfbd5_o.jpg,https://flic.kr/p/578zGM
831,https://live.staticflickr.com/3352/3474831728_0d7848759b_o.jpg,https://flic.kr/p/6i4qpS
832,https://live.staticflickr.com/3732/13772619545_71e66591a8_o.jpg,https://flic.kr/p/mZ3gXF
833,https://live.staticflickr.com/854/42790446055_6b27182746_o.jpg,https://flic.kr/p/28cfdPi
834,https://live.staticflickr.com/2868/32903585774_a1f85dcb50_o.jpg,https://flic.kr/p/S8ztH1
835,https://live.staticflickr.com/4371/37223431945_982d477c33_o.jpg,https://flic.kr/p/YHiPtp
836,https://live.staticflickr.com/3852/14407192716_deaacf82b0_o.jpg,https://flic.kr/p/nX7Csq
837,https://live.staticflickr.com/4605/39410199555_350bdf48cf_o.jpg,https://flic.kr/p/233xzie
838,https://live.staticflickr.com/7435/13609396474_c6e4166615_o.jpg,https://flic.kr/p/mJBHqN
839,https://live.staticflickr.com/8784/28167992742_365d66d85e_o.jpg,https://flic.kr/p/JV7jTh
840,https://live.staticflickr.com/4378/36290970243_88f0ce2597_o.jpg,https://flic.kr/p/XhUH6v
841,https://live.staticflickr.com/3180/2413289177_b97e9bc215_o.jpg,https://flic.kr/p/4FfJN6
842,https://live.staticflickr.com/5684/21118806406_a468352062_o.jpg,https://flic.kr/p/ybcpnQ
843,https://live.staticflickr.com/1713/24438612999_c90be1aa00_o.jpg,https://flic.kr/p/Deyhdx
844,https://live.staticflickr.com/2843/12932401105_e667504abf_o.jpg,https://flic.kr/p/kGMWhR
845,https://live.staticflickr.com/3851/14482001217_34d3496740_o.jpg,https://flic.kr/p/o4J3qa
846,https://live.staticflickr.com/1958/44488845234_c5084018fc_o.jpg,https://flic.kr/p/2aMjXHL
847,https://live.staticflickr.com/4910/44023270150_e84ab5d667_o.jpg,https://flic.kr/p/2a5bLt9
848,https://live.staticflickr.com/5141/5616147572_bf5ec3201f_o.jpg,https://flic.kr/p/9yhe1y
849,https://live.staticflickr.com/2837/32980743991_c8aeb984aa_o.jpg,https://flic.kr/p/SfoWa6
850,https://live.staticflickr.com/8127/28590871692_9e89b72f3b_o.jpg,https://flic.kr/p/KytG4E
851,https://live.staticflickr.com/4300/35642805100_5696ce36b2_o.jpg,https://flic.kr/p/WiCGbq
852,https://live.staticflickr.com/8766/29806089692_3f3082248a_o.jpg,https://flic.kr/p/MpS139
853,https://live.staticflickr.com/7523/27715849720_1815da25b9_o.jpg,https://flic.kr/p/Je9YvW
854,https://live.staticflickr.com/8598/28190187660_d2feff5288_o.jpg,https://flic.kr/p/JX55Eh
855,https://live.staticflickr.com/2885/33628062780_16b507ff80_o.jpg,https://flic.kr/p/TeABtS
856,https://live.staticflickr.com/5269/5637428884_a32a1ee7e9_o.jpg,https://flic.kr/p/9AaicJ
857,https://live.staticflickr.com/581/32255852930_0bd49427de_o.png,https://flic.kr/p/R9kFim
858,https://live.staticflickr.com/4177/34738948615_f62460cf89_o.jpg,https://flic.kr/p/UVLc8V
859,https://live.staticflickr.com/651/22975781824_b3c806197b_o.jpg,https://flic.kr/p/B1hTto
860,https://live.staticflickr.com/4686/24458495937_3c138c804f_o.jpg,https://flic.kr/p/DgjbHP
861,https://live.staticflickr.com/1955/31726243608_9e9e521acf_o.jpg,https://flic.kr/p/QkxhU9
862,https://live.staticflickr.com/2935/33224045333_b489282444_o.jpg,https://flic.kr/p/SBTVaP
863,https://live.staticflickr.com/1933/45597514501_61a9c07c67_o.jpg,https://flic.kr/p/2ctibt8
864,https://live.staticflickr.com/3923/18744565243_f6461c32f2_o.jpg,https://flic.kr/p/uyoNcn
865,https://live.staticflickr.com/1786/28422122037_9178eb944c_o.jpg,https://flic.kr/p/KiyNER
866,https://live.staticflickr.com/8700/16708780479_5bcaa6d2cd_o.jpg,https://flic.kr/p/rsuSj4
867,https://live.staticflickr.com/1933/31493524568_c5a9a889fa_o.jpg,https://flic.kr/p/PYYxCU
868,https://live.staticflickr.com/5522/14110996708_3ac7207921_o.jpg,https://flic.kr/p/nuWxGG
869,https://live.staticflickr.com/8545/8700559587_f89e7ca1ae_o.jpg,https://flic.kr/p/efQDf4
870,https://live.staticflickr.com/1514/26260024732_850149ae2d_o.jpg,https://flic.kr/p/G1vut7
871,https://live.staticflickr.com/5176/5582920201_158fa1391c_o.jpg,https://flic.kr/p/9vkVER
872,https://live.staticflickr.com/1916/44384906475_ffcc4879fb_o.jpg,https://flic.kr/p/2aC9fmc
873,https://live.staticflickr.com/1560/24806278325_8d409dcd89_o.jpg,https://flic.kr/p/DN3EiT
874,https://live.staticflickr.com/7049/13244364473_7ab32b0cb3_o.jpg,https://flic.kr/p/mbmQ8B
875,https://live.staticflickr.com/8622/28910856245_a940102a59_o.jpg,https://flic.kr/p/L3KGjH
876,https://live.staticflickr.com/5566/15102811578_f6e42c77aa_o.jpg,https://flic.kr/p/p1zRH5
877,https://live.staticflickr.com/141/318967339_795bcb0f87_o.jpg,https://flic.kr/p/ubMST
878,https://live.staticflickr.com/5345/17733589900_bf0f4d9d4e_o.jpg,https://flic.kr/p/t24hs1
879,https://live.staticflickr.com/949/41452582024_29aefa34d2_o.jpg,https://flic.kr/p/26a2js5
880,https://live.staticflickr.com/1703/24866270680_58208841a1_o.jpg,https://flic.kr/p/DTm8WQ
881,https://live.staticflickr.com/160/404515534_41a531d217_o.jpg,https://flic.kr/p/BKfnL
882,https://live.staticflickr.com/208/30669340774_75996937f6_o.jpg,https://flic.kr/p/NJ9ovu
883,https://live.staticflickr.com/266/32381270531_0a9a72469d_o.jpg,https://flic.kr/p/RkqtzM
884,https://live.staticflickr.com/7496/15988291280_5563661d3f_o.jpg,https://flic.kr/p/qmQaYu
885,https://live.staticflickr.com/4400/36315780884_f231fcc4d2_o.jpg,https://flic.kr/p/Xk6Srb
886,https://live.staticflickr.com/4385/36571845184_0318217a80_o.jpg,https://flic.kr/p/XHJgqU
887,https://live.staticflickr.com/4158/34403209046_07735851e2_o.jpg,https://flic.kr/p/Uq6rsE
888,https://live.staticflickr.com/4112/4986791512_32afe986da_o.jpg,https://flic.kr/p/8AEBo1
889,https://live.staticflickr.com/7656/17903556491_892c754a0a_o.jpg,https://flic.kr/p/th5pAt
890,https://live.staticflickr.com/1384/5110231975_e9b6f227a7_o.jpg,https://flic.kr/p/8MzgVR
891,https://live.staticflickr.com/7323/16176226368_c924f94537_o.jpg,https://flic.kr/p/qDrowC
892,https://live.staticflickr.com/7106/7121039413_bda5d66d70_o.jpg,https://flic.kr/p/bRgbVB
893,https://live.staticflickr.com/2072/2052922192_185c746786_o.jpg,https://flic.kr/p/48pLfd
894,https://live.staticflickr.com/4066/4638426067_90c4df41e9_o.jpg,https://flic.kr/p/84T9te
895,https://live.staticflickr.com/7496/16236770082_6ef95fde59_o.jpg,https://flic.kr/p/qJMG4L
896,https://live.staticflickr.com/948/27322144147_8258b29924_o.jpg,https://flic.kr/p/HCn8yP
897,https://live.staticflickr.com/7800/32491935597_9ab772c373_o.jpg,https://flic.kr/p/RvcEsa
898,https://live.staticflickr.com/4445/23938212428_673cc4d37b_o.jpg,https://flic.kr/p/CtkAyu
899,https://live.staticflickr.com/7519/26992892386_35c65e060e_o.jpg,https://flic.kr/p/H8gCuj
900,https://live.staticflickr.com/7157/6558414363_3d98be02c9_o.jpg,https://flic.kr/p/aZxA6H
901,https://live.staticflickr.com/3424/5717852049_16ea9011f4_o.jpg,https://flic.kr/p/9Hgud2
902,https://live.staticflickr.com/7890/46767684154_720624f445_o.jpg,https://flic.kr/p/2efGB8Y
903,https://live.staticflickr.com/7604/17004768287_df04a01776_o.jpg,https://flic.kr/p/rUDTb8
904,https://live.staticflickr.com/955/40069165050_21da682244_o.jpg,https://flic.kr/p/243LWMh
905,https://live.staticflickr.com/4229/35128605292_3a5902814e_o.jpg,https://flic.kr/p/Vwchuu
906,https://live.staticflickr.com/7876/32081098637_ec529abb2a_o.jpg,https://flic.kr/p/QSU1Wi
907,https://live.staticflickr.com/5601/15657736726_5928db2fb7_o.jpg,https://flic.kr/p/pRBZC3
908,https://live.staticflickr.com/5247/5354512630_8c959c5591_o.jpg,https://flic.kr/p/9aah4h
909,https://live.staticflickr.com/8012/29149615073_66e7168347_o.jpg,https://flic.kr/p/LpRp1e
910,https://live.staticflickr.com/5681/31013336366_0c2d9bbc84_o.jpg,https://flic.kr/p/PfxspY
911,https://live.staticflickr.com/4277/35104073835_50cb7a760a_o.jpg,https://flic.kr/p/Vu2y9k
912,https://live.staticflickr.com/4679/38908365372_57f6847b24_o.jpg,https://flic.kr/p/22hcxtJ
913,https://live.staticflickr.com/1526/24110263682_48db540cd4_o.jpg,https://flic.kr/p/CJxppq
914,https://live.staticflickr.com/4189/33964944240_9eed2a3cb4_o.jpg,https://flic.kr/p/TKndAU
915,https://live.staticflickr.com/1824/41335928670_6c6e60232a_o.jpg,https://flic.kr/p/25YHrtm
916,https://live.staticflickr.com/3029/2302405501_706533d30d_o.jpg,https://flic.kr/p/4vsqWz
917,https://live.staticflickr.com/1261/5110834170_5009c60538_o.jpg,https://flic.kr/p/8MCmWw
918,https://live.staticflickr.com/8583/15686591223_f4caabd620_o.jpg,https://flic.kr/p/pUaT4n
919,https://live.staticflickr.com/4069/4705739843_2709e6e043_o.jpg,https://flic.kr/p/8aQ9vz
920,https://live.staticflickr.com/1893/43391151175_2401615214_o.jpg,https://flic.kr/p/297jZw8
921,https://live.staticflickr.com/8872/28222019283_913f1006cf_o.jpg,https://flic.kr/p/JZTe6n
922,https://live.staticflickr.com/7330/16543671766_356c01724d_o.jpg,https://flic.kr/p/rcUDf7
923,https://live.staticflickr.com/1863/42448671420_e548080df5_o.jpg,https://flic.kr/p/27F3x8b
924,https://live.staticflickr.com/782/31750265220_dd1c32bbee_o.jpg,https://flic.kr/p/QnEpFS
925,https://live.staticflickr.com/4847/44994195985_d05c073dac_o.jpg,https://flic.kr/p/2bxZ1TK
926,https://live.staticflickr.com/1649/25043645012_655d7458fd_o.jpg,https://flic.kr/p/Ea2e9Y
927,https://live.staticflickr.com/8214/28139759763_a043c99a9e_o.jpg,https://flic.kr/p/JSBCcM
928,https://live.staticflickr.com/7342/28014895835_3a485e92b6_o.jpg,https://flic.kr/p/JFzEvr
929,https://live.staticflickr.com/7567/15471103578_20e1f584d0_o.jpg,https://flic.kr/p/pz8s69
930,https://live.staticflickr.com/883/40447601854_daf8ae6695_o.jpg,https://flic.kr/p/24CdwRL
931,https://live.staticflickr.com/6041/6284189505_950ee4707a_o.jpg,https://flic.kr/p/azj7AV
932,https://live.staticflickr.com/7804/46192106335_70d6b0d303_o.jpg,https://flic.kr/p/2dnQBUt
933,https://live.staticflickr.com/2639/3963336373_8914f51885_o.jpg,https://flic.kr/p/73e8PK
934,https://live.staticflickr.com/8565/16044941077_782286bb70_o.jpg,https://flic.kr/p/qrQvZ8
935,https://live.staticflickr.com/3/6619920_77af0e1309_o.jpg,https://flic.kr/p/zVSy
936,https://live.staticflickr.com/7046/6880137416_d7a4e5244a_o.jpg,https://flic.kr/p/btYv9U
937,https://live.staticflickr.com/4226/34605186190_b705c1898a_o.jpg,https://flic.kr/p/UHWCed
938,https://live.staticflickr.com/4521/24514467948_acbed33b77_o.jpg,https://flic.kr/p/Dmg4fu
939,https://live.staticflickr.com/7388/8886794421_108acebacb_o.jpg,https://flic.kr/p/exi9nt
940,https://live.staticflickr.com/946/40984173504_89b492a898_o.jpg,https://flic.kr/p/25rCAV7
941,https://live.staticflickr.com/3703/32850567224_d8b3afda58_o.jpg,https://flic.kr/p/S3TK95
942,https://live.staticflickr.com/1824/28960713008_f45751a7f8_o.jpg,https://flic.kr/p/L8ae15
943,https://live.staticflickr.com/2106/2207159142_c11258cf67_o.jpg,https://flic.kr/p/4n3gvY
944,https://live.staticflickr.com/2886/33508352271_4514be2623_o.jpg,https://flic.kr/p/T424Hz
945,https://live.staticflickr.com/4414/36393938354_05c97cbe0e_o.jpg,https://flic.kr/p/Xs1rVL
946,https://live.staticflickr.com/5751/20709645169_d46ed43344_o.png,https://flic.kr/p/xy3kZK
947,https://live.staticflickr.com/7394/14157413946_483c4759c6_o.jpg,https://flic.kr/p/nz3rVU
948,https://live.staticflickr.com/8680/16520119339_f06ea3f989_o.jpg,https://flic.kr/p/raPVVM
949,https://live.staticflickr.com/3674/33510972515_289109b67f_o.jpg,https://flic.kr/p/T4fuCc
950,https://live.staticflickr.com/5134/5504715594_fd2e815d4d_o.jpg,https://flic.kr/p/9or7ay
951,https://live.staticflickr.com/7131/7051136579_e2520a3dcd_o.jpg,https://flic.kr/p/bK5Vfk
952,https://live.staticflickr.com/3814/12014267976_4ae73a3ca3_o.jpg,https://flic.kr/p/jiEgij
953,https://live.staticflickr.com/1587/24438603369_8e1a948114_o.jpg,https://flic.kr/p/Deyemv
954,https://live.staticflickr.com/4761/25209125577_80990bbd61_o.jpg,https://flic.kr/p/EpDmLa
955,https://live.staticflickr.com/65535/46953277625_1df6e3542c_o.jpg,https://flic.kr/p/2ex6PBp
956,https://live.staticflickr.com/8669/28233895103_f012f379a6_o.jpg,https://flic.kr/p/K1W6mT
957,https://live.staticflickr.com/4684/38562308364_76d8643081_o.jpg,https://flic.kr/p/21KBUMA
958,https://live.staticflickr.com/4160/33632261563_a013ba8bef_o.jpg,https://flic.kr/p/TeY8CF
959,https://live.staticflickr.com/8858/28190192990_b614b647f0_o.jpg,https://flic.kr/p/JX57fb
960,https://live.staticflickr.com/4472/37607715146_347db708b5_o.jpg,https://flic.kr/p/ZigntQ
961,https://live.staticflickr.com/1945/44509894545_92be01cdb8_o.jpg,https://flic.kr/p/2aPbQWV
962,https://live.staticflickr.com/4785/26135616687_b68652e2c5_o.jpg,https://flic.kr/p/FPvShP
963,https://live.staticflickr.com/5033/14295766272_0e0d4ded6a_o.jpg,https://flic.kr/p/nMgxfQ
964,https://live.staticflickr.com/5211/5513402618_fcaf8c7106_o.jpg,https://flic.kr/p/9pcCvQ
965,https://live.staticflickr.com/567/21145682749_ccd61f53a8_o.jpg,https://flic.kr/p/ydz9M4
966,https://live.staticflickr.com/3940/15504684310_84d66b873d_o.jpg,https://flic.kr/p/pC6yth
967,https://live.staticflickr.com/7411/12657513705_753650c4c4_o.jpg,https://flic.kr/p/khv4QV
968,https://live.staticflickr.com/4221/34635616140_144e5e7c13_o.jpg,https://flic.kr/p/ULCzZw
969,https://live.staticflickr.com/5458/16823785954_6b198c954d_o.jpg,https://flic.kr/p/rCEir5
970,https://live.staticflickr.com/6174/6172321760_a2452fd075_o.jpg,https://flic.kr/p/apqLdG
971,https://live.staticflickr.com/5552/15283963886_1734538622_o.jpg,https://flic.kr/p/phAiYJ
972,https://live.staticflickr.com/6057/6385277341_624eb6e78a_o.jpg,https://flic.kr/p/aJfduD
973,https://live.staticflickr.com/4369/36456942546_351a55405f_o.jpg,https://flic.kr/p/XxzmSW
974,https://live.staticflickr.com/3753/9837176706_305669402c_o.jpg,https://flic.kr/p/fZh6UW
975,https://live.staticflickr.com/1327/560380352_8b58b0611c_o.jpg,https://flic.kr/p/Rw6yd
976,https://live.staticflickr.com/5701/22373403951_81a6385906_o.jpg,https://flic.kr/p/A64xvZ
977,https://live.staticflickr.com/378/19677189460_c38aaf62e1_o.jpg,https://flic.kr/p/vYNJTf
978,https://live.staticflickr.com/679/20815151966_14c29a3116_o.jpg,https://flic.kr/p/xHn6us
979,https://live.staticflickr.com/8596/16633849702_421f8311b4_o.jpg,https://flic.kr/p/rkSQ17
980,https://live.staticflickr.com/1480/24688426792_6677471e56_o.jpg,https://flic.kr/p/DBCD9U
981,https://live.staticflickr.com/4713/39638531595_f61edec4a0_o.jpg,https://flic.kr/p/23oHQsx
982,https://live.staticflickr.com/8619/15910455675_d3f390de6b_o.jpg,https://flic.kr/p/qeXfai
983,https://live.staticflickr.com/5639/23136352434_1e12be73bd_o.jpg,https://flic.kr/p/BftRwb
984,https://live.staticflickr.com/1723/41807201164_1ddf6de6a6_o.jpg,https://flic.kr/p/26GmQnb
985,https://live.staticflickr.com/7851/47161393692_7c711da1fd_o.jpg,https://flic.kr/p/2eRutgs
986,https://live.staticflickr.com/1825/43554455991_3cbee8c304_o.jpg,https://flic.kr/p/29mKYmp
987,https://live.staticflickr.com/7883/31607428737_278e04d6f7_o.jpg,https://flic.kr/p/Qa3knT
988,https://live.staticflickr.com/8667/16337293130_463f631872_o.jpg,https://flic.kr/p/qTEU4L
989,https://live.staticflickr.com/1887/43898900924_889b1ce3e2_o.jpg,https://flic.kr/p/29TckQ9
990,https://live.staticflickr.com/291/32086062190_a43935dfe7_o.jpg,https://flic.kr/p/QTksqN
991,https://live.staticflickr.com/949/41477927414_fc3f048e5d_o.jpg,https://flic.kr/p/26cgdKy
992,https://live.staticflickr.com/5729/30372527520_9b946fa83a_o.jpg,https://flic.kr/p/NgV9gA
993,https://live.staticflickr.com/8452/28936314201_5119c12f11_o.jpg,https://flic.kr/p/L61b5Z
994,https://live.staticflickr.com/8335/8086459588_755dec7956_o.jpg,https://flic.kr/p/djzdH3
995,https://live.staticflickr.com/7472/16230028882_3be479ca50_o.jpg,https://flic.kr/p/qJc99b
996,https://live.staticflickr.com/65535/32316716043_3688ff43ea_o.jpg,https://flic.kr/p/ReHBMn
997,https://live.staticflickr.com/8366/8471259329_f14584ebb8_o.jpg,https://flic.kr/p/dUzqgk
998,https://live.staticflickr.com/5580/14495014426_5fec8e9bf1_o.jpg,https://flic.kr/p/o5SJMQ
999,https://live.staticflickr.com/2905/14112364087_36f0fea61b_o.jpg,https://flic.kr/p/nv4ybc
1000,https://live.staticflickr.com/4493/37911276411_9d4f3336ab_o.jpg,https://flic.kr/p/ZL6cEK
